Analysis & Synthesis report for RV32IM_PIPE_CORE
Tue Aug 18 20:56:03 2026
Quartus Prime Version 21.1.0 Build 842 10/21/2021 SJ Lite Edition


---------------------
; Table of Contents ;
---------------------
  1. Legal Notice
  2. Analysis & Synthesis Summary
  3. Analysis & Synthesis Settings
  4. Parallel Compilation
  5. Analysis & Synthesis Source Files Read
  6. Analysis & Synthesis Resource Usage Summary
  7. Analysis & Synthesis Resource Utilization by Entity
  8. Analysis & Synthesis RAM Summary
  9. Analysis & Synthesis DSP Block Usage Summary
 10. Analysis & Synthesis IP Cores Summary
 11. Registers Removed During Synthesis
 12. Removed Registers Triggering Further Register Optimizations
 13. General Register Statistics
 14. Inverted Register Statistics
 15. Multiplexer Restructuring Statistics (Restructuring Performed)
 16. Source assignments for Ifetch:IFE|altsyncram:inst_memory|altsyncram_ccv3:auto_generated|altsyncram_gmt2:altsyncram1
 17. Source assignments for dmemory:MEM|altsyncram:data_memory|altsyncram_gf14:auto_generated|altsyncram_1vu2:altsyncram1
 18. Source assignments for sld_signaltap:auto_signaltap_0
 19. Parameter Settings for User Entity Instance: Top-level Entity: |RV32IM_PIPE_CORE
 20. Parameter Settings for User Entity Instance: PLL:\G0:MCLK|altpll:altpll_component
 21. Parameter Settings for User Entity Instance: Ifetch:IFE
 22. Parameter Settings for User Entity Instance: Ifetch:IFE|altsyncram:inst_memory
 23. Parameter Settings for User Entity Instance: Idecode:ID
 24. Parameter Settings for User Entity Instance: Execute:EXE
 25. Parameter Settings for User Entity Instance: Execute:EXE|MUL16:MUL
 26. Parameter Settings for User Entity Instance: dmemory:MEM
 27. Parameter Settings for User Entity Instance: dmemory:MEM|altsyncram:data_memory
 28. Parameter Settings for Inferred Entity Instance: sld_signaltap:auto_signaltap_0
 29. Parameter Settings for Inferred Entity Instance: Execute:EXE|MUL16:MUL|lpm_mult:Mult0
 30. Parameter Settings for Inferred Entity Instance: Execute:EXE|MUL16:MUL|lpm_mult:Mult3
 31. Parameter Settings for Inferred Entity Instance: Execute:EXE|MUL16:MUL|lpm_mult:Mult2
 32. Parameter Settings for Inferred Entity Instance: Execute:EXE|MUL16:MUL|lpm_mult:Mult1
 33. altpll Parameter Settings by Entity Instance
 34. altsyncram Parameter Settings by Entity Instance
 35. lpm_mult Parameter Settings by Entity Instance
 36. Port Connectivity Checks: "PLL:\G0:MCLK"
 37. Signal Tap Logic Analyzer Settings
 38. In-System Memory Content Editor Settings
 39. Post-Synthesis Netlist Statistics for Top Partition
 40. Post-Synthesis Netlist Statistics for Partition sld_signaltap:auto_signaltap_0
 41. Post-Synthesis Netlist Statistics for Partition sld_hub:auto_hub
 42. Elapsed Time Per Partition
 43. Connections to In-System Debugging Instance "auto_signaltap_0"
 44. Analysis & Synthesis Messages



----------------
; Legal Notice ;
----------------
Copyright (C) 2021  Intel Corporation. All rights reserved.
Your use of Intel Corporation's design tools, logic functions 
and other software and tools, and any partner logic 
functions, and any output files from any of the foregoing 
(including device programming or simulation files), and any 
associated documentation or information are expressly subject 
to the terms and conditions of the Intel Program License 
Subscription Agreement, the Intel Quartus Prime License Agreement,
the Intel FPGA IP License Agreement, or other applicable license
agreement, including, without limitation, that your use is for
the sole purpose of programming logic devices manufactured by
Intel and sold by Intel or its authorized distributors.  Please
refer to the applicable agreement for further details, at
https://fpgasoftware.intel.com/eula.



+----------------------------------------------------------------------------------+
; Analysis & Synthesis Summary                                                     ;
+------------------------------------+---------------------------------------------+
; Analysis & Synthesis Status        ; Successful - Tue Aug 18 20:56:03 2026       ;
; Quartus Prime Version              ; 21.1.0 Build 842 10/21/2021 SJ Lite Edition ;
; Revision Name                      ; RV32IM_PIPE_CORE                            ;
; Top-level Entity Name              ; RV32IM_PIPE_CORE                            ;
; Family                             ; Cyclone IV E                                ;
; Total logic elements               ; 5,594                                       ;
;     Total combinational functions  ; 3,845                                       ;
;     Dedicated logic registers      ; 2,712                                       ;
; Total registers                    ; 2712                                        ;
; Total pins                         ; 297                                         ;
; Total virtual pins                 ; 0                                           ;
; Total memory bits                  ; 483,328                                     ;
; Embedded Multiplier 9-bit elements ; 4                                           ;
; Total PLLs                         ; 1                                           ;
+------------------------------------+---------------------------------------------+


+------------------------------------------------------------------------------------------------------------+
; Analysis & Synthesis Settings                                                                              ;
+------------------------------------------------------------------+--------------------+--------------------+
; Option                                                           ; Setting            ; Default Value      ;
+------------------------------------------------------------------+--------------------+--------------------+
; Device                                                           ; EP4CE115F29C7      ;                    ;
; Top-level entity name                                            ; RV32IM_PIPE_CORE   ; RV32IM_PIPE_CORE   ;
; Family name                                                      ; Cyclone IV E       ; Cyclone V          ;
; VHDL Show LMF Mapping Messages                                   ; Off                ;                    ;
; VHDL Version                                                     ; VHDL_2008          ; VHDL_1993          ;
; Use smart compilation                                            ; Off                ; Off                ;
; Enable parallel Assembler and Timing Analyzer during compilation ; On                 ; On                 ;
; Enable compact report table                                      ; Off                ; Off                ;
; Restructure Multiplexers                                         ; Auto               ; Auto               ;
; Create Debugging Nodes for IP Cores                              ; Off                ; Off                ;
; Preserve fewer node names                                        ; On                 ; On                 ;
; Intel FPGA IP Evaluation Mode                                    ; Enable             ; Enable             ;
; Verilog Version                                                  ; Verilog_2001       ; Verilog_2001       ;
; State Machine Processing                                         ; Auto               ; Auto               ;
; Safe State Machine                                               ; Off                ; Off                ;
; Extract Verilog State Machines                                   ; On                 ; On                 ;
; Extract VHDL State Machines                                      ; On                 ; On                 ;
; Ignore Verilog initial constructs                                ; Off                ; Off                ;
; Iteration limit for constant Verilog loops                       ; 5000               ; 5000               ;
; Iteration limit for non-constant Verilog loops                   ; 250                ; 250                ;
; Add Pass-Through Logic to Inferred RAMs                          ; On                 ; On                 ;
; Infer RAMs from Raw Logic                                        ; On                 ; On                 ;
; Parallel Synthesis                                               ; On                 ; On                 ;
; DSP Block Balancing                                              ; Auto               ; Auto               ;
; NOT Gate Push-Back                                               ; On                 ; On                 ;
; Power-Up Don't Care                                              ; On                 ; On                 ;
; Remove Redundant Logic Cells                                     ; Off                ; Off                ;
; Remove Duplicate Registers                                       ; On                 ; On                 ;
; Ignore CARRY Buffers                                             ; Off                ; Off                ;
; Ignore CASCADE Buffers                                           ; Off                ; Off                ;
; Ignore GLOBAL Buffers                                            ; Off                ; Off                ;
; Ignore ROW GLOBAL Buffers                                        ; Off                ; Off                ;
; Ignore LCELL Buffers                                             ; Off                ; Off                ;
; Ignore SOFT Buffers                                              ; On                 ; On                 ;
; Limit AHDL Integers to 32 Bits                                   ; Off                ; Off                ;
; Optimization Technique                                           ; Balanced           ; Balanced           ;
; Carry Chain Length                                               ; 70                 ; 70                 ;
; Auto Carry Chains                                                ; On                 ; On                 ;
; Auto Open-Drain Pins                                             ; On                 ; On                 ;
; Perform WYSIWYG Primitive Resynthesis                            ; Off                ; Off                ;
; Auto ROM Replacement                                             ; On                 ; On                 ;
; Auto RAM Replacement                                             ; On                 ; On                 ;
; Auto DSP Block Replacement                                       ; On                 ; On                 ;
; Auto Shift Register Replacement                                  ; Auto               ; Auto               ;
; Allow Shift Register Merging across Hierarchies                  ; Auto               ; Auto               ;
; Auto Clock Enable Replacement                                    ; On                 ; On                 ;
; Strict RAM Replacement                                           ; Off                ; Off                ;
; Allow Synchronous Control Signals                                ; On                 ; On                 ;
; Force Use of Synchronous Clear Signals                           ; Off                ; Off                ;
; Auto RAM Block Balancing                                         ; On                 ; On                 ;
; Auto RAM to Logic Cell Conversion                                ; Off                ; Off                ;
; Auto Resource Sharing                                            ; Off                ; Off                ;
; Allow Any RAM Size For Recognition                               ; Off                ; Off                ;
; Allow Any ROM Size For Recognition                               ; Off                ; Off                ;
; Allow Any Shift Register Size For Recognition                    ; Off                ; Off                ;
; Use LogicLock Constraints during Resource Balancing              ; On                 ; On                 ;
; Ignore translate_off and synthesis_off directives                ; Off                ; Off                ;
; Timing-Driven Synthesis                                          ; On                 ; On                 ;
; Report Parameter Settings                                        ; On                 ; On                 ;
; Report Source Assignments                                        ; On                 ; On                 ;
; Report Connectivity Checks                                       ; On                 ; On                 ;
; Ignore Maximum Fan-Out Assignments                               ; Off                ; Off                ;
; Synchronization Register Chain Length                            ; 2                  ; 2                  ;
; Power Optimization During Synthesis                              ; Normal compilation ; Normal compilation ;
; HDL message level                                                ; Level2             ; Level2             ;
; Suppress Register Optimization Related Messages                  ; Off                ; Off                ;
; Number of Removed Registers Reported in Synthesis Report         ; 5000               ; 5000               ;
; Number of Swept Nodes Reported in Synthesis Report               ; 5000               ; 5000               ;
; Number of Inverted Registers Reported in Synthesis Report        ; 100                ; 100                ;
; Clock MUX Protection                                             ; On                 ; On                 ;
; Auto Gated Clock Conversion                                      ; Off                ; Off                ;
; Block Design Naming                                              ; Auto               ; Auto               ;
; SDC constraint protection                                        ; Off                ; Off                ;
; Synthesis Effort                                                 ; Auto               ; Auto               ;
; Shift Register Replacement - Allow Asynchronous Clear Signal     ; On                 ; On                 ;
; Pre-Mapping Resynthesis Optimization                             ; Off                ; Off                ;
; Analysis & Synthesis Message Level                               ; Medium             ; Medium             ;
; Disable Register Merging Across Hierarchies                      ; Auto               ; Auto               ;
; Resource Aware Inference For Block RAM                           ; On                 ; On                 ;
+------------------------------------------------------------------+--------------------+--------------------+


+------------------------------------------+
; Parallel Compilation                     ;
+----------------------------+-------------+
; Processors                 ; Number      ;
+----------------------------+-------------+
; Number detected on machine ; 8           ;
; Maximum allowed            ; 4           ;
;                            ;             ;
; Average used               ; 1.00        ;
; Maximum used               ; 4           ;
;                            ;             ;
; Usage by Processor         ; % Time Used ;
;     Processor 1            ; 100.0%      ;
;     Processor 2            ;   0.0%      ;
;     Processor 3            ;   0.0%      ;
;     Processor 4            ;   0.0%      ;
+----------------------------+-------------+


+--------------------------------------------------------------------------------------------------------------------------------------------------------------------------------------------------------------------------------------------------------------------------------------+
; Analysis & Synthesis Source Files Read                                                                                                                                                                                                                                               ;
+--------------------------------------------------------------------+-----------------+----------------------------------------------+----------------------------------------------------------------------------------------------------------------------------------+-------------+
; File Name with User-Entered Path                                   ; Used in Netlist ; File Type                                    ; File Name with Absolute Path                                                                                                     ; Library     ;
+--------------------------------------------------------------------+-----------------+----------------------------------------------+----------------------------------------------------------------------------------------------------------------------------------+-------------+
; ../../DUT/RV32IM_pipeline/RV32IM_PIPE_CORE.vhd                     ; yes             ; User VHDL File                               ; C:/Users/Adar/Documents/VHDL Lab/Lab5/DUT/RV32IM_pipeline/RV32IM_PIPE_CORE.vhd                                                   ;             ;
; ../../DUT/RV32IM_pipeline/PLL.vhd                                  ; yes             ; User Wizard-Generated File                   ; C:/Users/Adar/Documents/VHDL Lab/Lab5/DUT/RV32IM_pipeline/PLL.vhd                                                                ;             ;
; ../../DUT/RV32IM_pipeline/MUL16.vhd                                ; yes             ; User VHDL File                               ; C:/Users/Adar/Documents/VHDL Lab/Lab5/DUT/RV32IM_pipeline/MUL16.vhd                                                              ;             ;
; ../../DUT/RV32IM_pipeline/IFETCH.vhd                               ; yes             ; User VHDL File                               ; C:/Users/Adar/Documents/VHDL Lab/Lab5/DUT/RV32IM_pipeline/IFETCH.vhd                                                             ;             ;
; ../../DUT/RV32IM_pipeline/IDECODE.vhd                              ; yes             ; User VHDL File                               ; C:/Users/Adar/Documents/VHDL Lab/Lab5/DUT/RV32IM_pipeline/IDECODE.vhd                                                            ;             ;
; ../../DUT/RV32IM_pipeline/HAZARD_UNIT.vhd                          ; yes             ; User VHDL File                               ; C:/Users/Adar/Documents/VHDL Lab/Lab5/DUT/RV32IM_pipeline/HAZARD_UNIT.vhd                                                        ;             ;
; ../../DUT/RV32IM_pipeline/FORWARD_UNIT.vhd                         ; yes             ; User VHDL File                               ; C:/Users/Adar/Documents/VHDL Lab/Lab5/DUT/RV32IM_pipeline/FORWARD_UNIT.vhd                                                       ;             ;
; ../../DUT/RV32IM_pipeline/EXECUTE.vhd                              ; yes             ; User VHDL File                               ; C:/Users/Adar/Documents/VHDL Lab/Lab5/DUT/RV32IM_pipeline/EXECUTE.vhd                                                            ;             ;
; ../../DUT/RV32IM_pipeline/DMEMORY.vhd                              ; yes             ; User VHDL File                               ; C:/Users/Adar/Documents/VHDL Lab/Lab5/DUT/RV32IM_pipeline/DMEMORY.vhd                                                            ;             ;
; ../../DUT/RV32IM_pipeline/CONTROL.vhd                              ; yes             ; User VHDL File                               ; C:/Users/Adar/Documents/VHDL Lab/Lab5/DUT/RV32IM_pipeline/CONTROL.vhd                                                            ;             ;
; ../../DUT/RV32IM_pipeline/const_package.vhd                        ; yes             ; User VHDL File                               ; C:/Users/Adar/Documents/VHDL Lab/Lab5/DUT/RV32IM_pipeline/const_package.vhd                                                      ;             ;
; ../../DUT/RV32IM_pipeline/cond_compilation_package.vhd             ; yes             ; User VHDL File                               ; C:/Users/Adar/Documents/VHDL Lab/Lab5/DUT/RV32IM_pipeline/cond_compilation_package.vhd                                           ;             ;
; ../../DUT/RV32IM_pipeline/aux_package.vhd                          ; yes             ; User VHDL File                               ; C:/Users/Adar/Documents/VHDL Lab/Lab5/DUT/RV32IM_pipeline/aux_package.vhd                                                        ;             ;
; altpll.tdf                                                         ; yes             ; Megafunction                                 ; c:/intelfpga_lite/21.1/quartus/libraries/megafunctions/altpll.tdf                                                                ;             ;
; aglobal211.inc                                                     ; yes             ; Megafunction                                 ; c:/intelfpga_lite/21.1/quartus/libraries/megafunctions/aglobal211.inc                                                            ;             ;
; stratix_pll.inc                                                    ; yes             ; Megafunction                                 ; c:/intelfpga_lite/21.1/quartus/libraries/megafunctions/stratix_pll.inc                                                           ;             ;
; stratixii_pll.inc                                                  ; yes             ; Megafunction                                 ; c:/intelfpga_lite/21.1/quartus/libraries/megafunctions/stratixii_pll.inc                                                         ;             ;
; cycloneii_pll.inc                                                  ; yes             ; Megafunction                                 ; c:/intelfpga_lite/21.1/quartus/libraries/megafunctions/cycloneii_pll.inc                                                         ;             ;
; altsyncram.tdf                                                     ; yes             ; Megafunction                                 ; c:/intelfpga_lite/21.1/quartus/libraries/megafunctions/altsyncram.tdf                                                            ;             ;
; stratix_ram_block.inc                                              ; yes             ; Megafunction                                 ; c:/intelfpga_lite/21.1/quartus/libraries/megafunctions/stratix_ram_block.inc                                                     ;             ;
; lpm_mux.inc                                                        ; yes             ; Megafunction                                 ; c:/intelfpga_lite/21.1/quartus/libraries/megafunctions/lpm_mux.inc                                                               ;             ;
; lpm_decode.inc                                                     ; yes             ; Megafunction                                 ; c:/intelfpga_lite/21.1/quartus/libraries/megafunctions/lpm_decode.inc                                                            ;             ;
; a_rdenreg.inc                                                      ; yes             ; Megafunction                                 ; c:/intelfpga_lite/21.1/quartus/libraries/megafunctions/a_rdenreg.inc                                                             ;             ;
; altrom.inc                                                         ; yes             ; Megafunction                                 ; c:/intelfpga_lite/21.1/quartus/libraries/megafunctions/altrom.inc                                                                ;             ;
; altram.inc                                                         ; yes             ; Megafunction                                 ; c:/intelfpga_lite/21.1/quartus/libraries/megafunctions/altram.inc                                                                ;             ;
; altdpram.inc                                                       ; yes             ; Megafunction                                 ; c:/intelfpga_lite/21.1/quartus/libraries/megafunctions/altdpram.inc                                                              ;             ;
; db/altsyncram_ccv3.tdf                                             ; yes             ; Auto-Generated Megafunction                  ; C:/Users/Adar/Documents/VHDL Lab/Lab5/Quartus/RV32IM_pipeline/db/altsyncram_ccv3.tdf                                             ;             ;
; db/altsyncram_gmt2.tdf                                             ; yes             ; Auto-Generated Megafunction                  ; C:/Users/Adar/Documents/VHDL Lab/Lab5/Quartus/RV32IM_pipeline/db/altsyncram_gmt2.tdf                                             ;             ;
; C:/TestPrograms/Quartus21_1/app_bin/ITCM.hex                       ; yes             ; Auto-Found Memory Initialization File        ; C:/TestPrograms/Quartus21_1/app_bin/ITCM.hex                                                                                     ;             ;
; sld_mod_ram_rom.vhd                                                ; yes             ; Encrypted Megafunction                       ; c:/intelfpga_lite/21.1/quartus/libraries/megafunctions/sld_mod_ram_rom.vhd                                                       ;             ;
; sld_jtag_endpoint_adapter.vhd                                      ; yes             ; Encrypted Megafunction                       ; c:/intelfpga_lite/21.1/quartus/libraries/megafunctions/sld_jtag_endpoint_adapter.vhd                                             ;             ;
; sld_jtag_endpoint_adapter_impl.sv                                  ; yes             ; Encrypted Megafunction                       ; c:/intelfpga_lite/21.1/quartus/libraries/megafunctions/sld_jtag_endpoint_adapter_impl.sv                                         ;             ;
; sld_rom_sr.vhd                                                     ; yes             ; Encrypted Megafunction                       ; c:/intelfpga_lite/21.1/quartus/libraries/megafunctions/sld_rom_sr.vhd                                                            ;             ;
; db/altsyncram_gf14.tdf                                             ; yes             ; Auto-Generated Megafunction                  ; C:/Users/Adar/Documents/VHDL Lab/Lab5/Quartus/RV32IM_pipeline/db/altsyncram_gf14.tdf                                             ;             ;
; db/altsyncram_1vu2.tdf                                             ; yes             ; Auto-Generated Megafunction                  ; C:/Users/Adar/Documents/VHDL Lab/Lab5/Quartus/RV32IM_pipeline/db/altsyncram_1vu2.tdf                                             ;             ;
; C:/TestPrograms/Quartus21_1/app_bin/DTCM.hex                       ; yes             ; Auto-Found Memory Initialization File        ; C:/TestPrograms/Quartus21_1/app_bin/DTCM.hex                                                                                     ;             ;
; sld_signaltap.vhd                                                  ; yes             ; Megafunction                                 ; c:/intelfpga_lite/21.1/quartus/libraries/megafunctions/sld_signaltap.vhd                                                         ;             ;
; sld_signaltap_impl.vhd                                             ; yes             ; Encrypted Megafunction                       ; c:/intelfpga_lite/21.1/quartus/libraries/megafunctions/sld_signaltap_impl.vhd                                                    ;             ;
; sld_ela_control.vhd                                                ; yes             ; Encrypted Megafunction                       ; c:/intelfpga_lite/21.1/quartus/libraries/megafunctions/sld_ela_control.vhd                                                       ;             ;
; lpm_shiftreg.tdf                                                   ; yes             ; Megafunction                                 ; c:/intelfpga_lite/21.1/quartus/libraries/megafunctions/lpm_shiftreg.tdf                                                          ;             ;
; lpm_constant.inc                                                   ; yes             ; Megafunction                                 ; c:/intelfpga_lite/21.1/quartus/libraries/megafunctions/lpm_constant.inc                                                          ;             ;
; dffeea.inc                                                         ; yes             ; Megafunction                                 ; c:/intelfpga_lite/21.1/quartus/libraries/megafunctions/dffeea.inc                                                                ;             ;
; sld_ela_trigger.tdf                                                ; yes             ; Encrypted Megafunction                       ; c:/intelfpga_lite/21.1/quartus/libraries/megafunctions/sld_ela_trigger.tdf                                                       ;             ;
; db/sld_ela_trigger_9fp.tdf                                         ; yes             ; Auto-Generated Megafunction                  ; C:/Users/Adar/Documents/VHDL Lab/Lab5/Quartus/RV32IM_pipeline/db/sld_ela_trigger_9fp.tdf                                         ;             ;
; db/sld_reserved_rv32im_pipe_core_auto_signaltap_0_1_2111.v         ; yes             ; Encrypted Auto-Generated Megafunction        ; C:/Users/Adar/Documents/VHDL Lab/Lab5/Quartus/RV32IM_pipeline/db/sld_reserved_rv32im_pipe_core_auto_signaltap_0_1_2111.v         ;             ;
; lpm_compare.tdf                                                    ; yes             ; Megafunction                                 ; c:/intelfpga_lite/21.1/quartus/libraries/megafunctions/lpm_compare.tdf                                                           ;             ;
; comptree.inc                                                       ; yes             ; Megafunction                                 ; c:/intelfpga_lite/21.1/quartus/libraries/megafunctions/comptree.inc                                                              ;             ;
; altshift.inc                                                       ; yes             ; Megafunction                                 ; c:/intelfpga_lite/21.1/quartus/libraries/megafunctions/altshift.inc                                                              ;             ;
; db/cmpr_5bl.tdf                                                    ; yes             ; Auto-Generated Megafunction                  ; C:/Users/Adar/Documents/VHDL Lab/Lab5/Quartus/RV32IM_pipeline/db/cmpr_5bl.tdf                                                    ;             ;
; sld_ela_trigger_flow_mgr.vhd                                       ; yes             ; Encrypted Megafunction                       ; c:/intelfpga_lite/21.1/quartus/libraries/megafunctions/sld_ela_trigger_flow_mgr.vhd                                              ;             ;
; sld_buffer_manager.vhd                                             ; yes             ; Encrypted Megafunction                       ; c:/intelfpga_lite/21.1/quartus/libraries/megafunctions/sld_buffer_manager.vhd                                                    ;             ;
; db/altsyncram_qb24.tdf                                             ; yes             ; Auto-Generated Megafunction                  ; C:/Users/Adar/Documents/VHDL Lab/Lab5/Quartus/RV32IM_pipeline/db/altsyncram_qb24.tdf                                             ;             ;
; altdpram.tdf                                                       ; yes             ; Megafunction                                 ; c:/intelfpga_lite/21.1/quartus/libraries/megafunctions/altdpram.tdf                                                              ;             ;
; memmodes.inc                                                       ; yes             ; Megafunction                                 ; c:/intelfpga_lite/21.1/quartus/libraries/others/maxplus2/memmodes.inc                                                            ;             ;
; a_hdffe.inc                                                        ; yes             ; Megafunction                                 ; c:/intelfpga_lite/21.1/quartus/libraries/megafunctions/a_hdffe.inc                                                               ;             ;
; alt_le_rden_reg.inc                                                ; yes             ; Megafunction                                 ; c:/intelfpga_lite/21.1/quartus/libraries/megafunctions/alt_le_rden_reg.inc                                                       ;             ;
; altsyncram.inc                                                     ; yes             ; Megafunction                                 ; c:/intelfpga_lite/21.1/quartus/libraries/megafunctions/altsyncram.inc                                                            ;             ;
; lpm_mux.tdf                                                        ; yes             ; Megafunction                                 ; c:/intelfpga_lite/21.1/quartus/libraries/megafunctions/lpm_mux.tdf                                                               ;             ;
; muxlut.inc                                                         ; yes             ; Megafunction                                 ; c:/intelfpga_lite/21.1/quartus/libraries/megafunctions/muxlut.inc                                                                ;             ;
; bypassff.inc                                                       ; yes             ; Megafunction                                 ; c:/intelfpga_lite/21.1/quartus/libraries/megafunctions/bypassff.inc                                                              ;             ;
; db/mux_tsc.tdf                                                     ; yes             ; Auto-Generated Megafunction                  ; C:/Users/Adar/Documents/VHDL Lab/Lab5/Quartus/RV32IM_pipeline/db/mux_tsc.tdf                                                     ;             ;
; lpm_decode.tdf                                                     ; yes             ; Megafunction                                 ; c:/intelfpga_lite/21.1/quartus/libraries/megafunctions/lpm_decode.tdf                                                            ;             ;
; declut.inc                                                         ; yes             ; Megafunction                                 ; c:/intelfpga_lite/21.1/quartus/libraries/megafunctions/declut.inc                                                                ;             ;
; lpm_compare.inc                                                    ; yes             ; Megafunction                                 ; c:/intelfpga_lite/21.1/quartus/libraries/megafunctions/lpm_compare.inc                                                           ;             ;
; db/decode_dvf.tdf                                                  ; yes             ; Auto-Generated Megafunction                  ; C:/Users/Adar/Documents/VHDL Lab/Lab5/Quartus/RV32IM_pipeline/db/decode_dvf.tdf                                                  ;             ;
; lpm_counter.tdf                                                    ; yes             ; Megafunction                                 ; c:/intelfpga_lite/21.1/quartus/libraries/megafunctions/lpm_counter.tdf                                                           ;             ;
; lpm_add_sub.inc                                                    ; yes             ; Megafunction                                 ; c:/intelfpga_lite/21.1/quartus/libraries/megafunctions/lpm_add_sub.inc                                                           ;             ;
; cmpconst.inc                                                       ; yes             ; Megafunction                                 ; c:/intelfpga_lite/21.1/quartus/libraries/megafunctions/cmpconst.inc                                                              ;             ;
; lpm_counter.inc                                                    ; yes             ; Megafunction                                 ; c:/intelfpga_lite/21.1/quartus/libraries/megafunctions/lpm_counter.inc                                                           ;             ;
; alt_counter_stratix.inc                                            ; yes             ; Megafunction                                 ; c:/intelfpga_lite/21.1/quartus/libraries/megafunctions/alt_counter_stratix.inc                                                   ;             ;
; db/cntr_pgi.tdf                                                    ; yes             ; Auto-Generated Megafunction                  ; C:/Users/Adar/Documents/VHDL Lab/Lab5/Quartus/RV32IM_pipeline/db/cntr_pgi.tdf                                                    ;             ;
; db/cmpr_tgc.tdf                                                    ; yes             ; Auto-Generated Megafunction                  ; C:/Users/Adar/Documents/VHDL Lab/Lab5/Quartus/RV32IM_pipeline/db/cmpr_tgc.tdf                                                    ;             ;
; db/cntr_m9j.tdf                                                    ; yes             ; Auto-Generated Megafunction                  ; C:/Users/Adar/Documents/VHDL Lab/Lab5/Quartus/RV32IM_pipeline/db/cntr_m9j.tdf                                                    ;             ;
; db/cntr_ggi.tdf                                                    ; yes             ; Auto-Generated Megafunction                  ; C:/Users/Adar/Documents/VHDL Lab/Lab5/Quartus/RV32IM_pipeline/db/cntr_ggi.tdf                                                    ;             ;
; db/cmpr_rgc.tdf                                                    ; yes             ; Auto-Generated Megafunction                  ; C:/Users/Adar/Documents/VHDL Lab/Lab5/Quartus/RV32IM_pipeline/db/cmpr_rgc.tdf                                                    ;             ;
; db/cntr_23j.tdf                                                    ; yes             ; Auto-Generated Megafunction                  ; C:/Users/Adar/Documents/VHDL Lab/Lab5/Quartus/RV32IM_pipeline/db/cntr_23j.tdf                                                    ;             ;
; db/cmpr_ngc.tdf                                                    ; yes             ; Auto-Generated Megafunction                  ; C:/Users/Adar/Documents/VHDL Lab/Lab5/Quartus/RV32IM_pipeline/db/cmpr_ngc.tdf                                                    ;             ;
; sld_hub.vhd                                                        ; yes             ; Encrypted Megafunction                       ; c:/intelfpga_lite/21.1/quartus/libraries/megafunctions/sld_hub.vhd                                                               ; altera_sld  ;
; db/ip/sld4e7dda8d/alt_sld_fab.v                                    ; yes             ; Encrypted Auto-Found Verilog HDL File        ; C:/Users/Adar/Documents/VHDL Lab/Lab5/Quartus/RV32IM_pipeline/db/ip/sld4e7dda8d/alt_sld_fab.v                                    ; alt_sld_fab ;
; db/ip/sld4e7dda8d/submodules/alt_sld_fab_alt_sld_fab.v             ; yes             ; Encrypted Auto-Found Verilog HDL File        ; C:/Users/Adar/Documents/VHDL Lab/Lab5/Quartus/RV32IM_pipeline/db/ip/sld4e7dda8d/submodules/alt_sld_fab_alt_sld_fab.v             ; alt_sld_fab ;
; db/ip/sld4e7dda8d/submodules/alt_sld_fab_alt_sld_fab_ident.sv      ; yes             ; Auto-Found SystemVerilog HDL File            ; C:/Users/Adar/Documents/VHDL Lab/Lab5/Quartus/RV32IM_pipeline/db/ip/sld4e7dda8d/submodules/alt_sld_fab_alt_sld_fab_ident.sv      ; alt_sld_fab ;
; db/ip/sld4e7dda8d/submodules/alt_sld_fab_alt_sld_fab_presplit.sv   ; yes             ; Encrypted Auto-Found SystemVerilog HDL File  ; C:/Users/Adar/Documents/VHDL Lab/Lab5/Quartus/RV32IM_pipeline/db/ip/sld4e7dda8d/submodules/alt_sld_fab_alt_sld_fab_presplit.sv   ; alt_sld_fab ;
; db/ip/sld4e7dda8d/submodules/alt_sld_fab_alt_sld_fab_sldfabric.vhd ; yes             ; Encrypted Auto-Found VHDL File               ; C:/Users/Adar/Documents/VHDL Lab/Lab5/Quartus/RV32IM_pipeline/db/ip/sld4e7dda8d/submodules/alt_sld_fab_alt_sld_fab_sldfabric.vhd ; alt_sld_fab ;
; db/ip/sld4e7dda8d/submodules/alt_sld_fab_alt_sld_fab_splitter.sv   ; yes             ; Encrypted Auto-Found SystemVerilog HDL File  ; C:/Users/Adar/Documents/VHDL Lab/Lab5/Quartus/RV32IM_pipeline/db/ip/sld4e7dda8d/submodules/alt_sld_fab_alt_sld_fab_splitter.sv   ; alt_sld_fab ;
; sld_jtag_hub.vhd                                                   ; yes             ; Encrypted Megafunction                       ; c:/intelfpga_lite/21.1/quartus/libraries/megafunctions/sld_jtag_hub.vhd                                                          ;             ;
; lpm_mult.tdf                                                       ; yes             ; Megafunction                                 ; c:/intelfpga_lite/21.1/quartus/libraries/megafunctions/lpm_mult.tdf                                                              ;             ;
; multcore.inc                                                       ; yes             ; Megafunction                                 ; c:/intelfpga_lite/21.1/quartus/libraries/megafunctions/multcore.inc                                                              ;             ;
; db/mult_aat.tdf                                                    ; yes             ; Auto-Generated Megafunction                  ; C:/Users/Adar/Documents/VHDL Lab/Lab5/Quartus/RV32IM_pipeline/db/mult_aat.tdf                                                    ;             ;
+--------------------------------------------------------------------+-----------------+----------------------------------------------+----------------------------------------------------------------------------------------------------------------------------------+-------------+


+------------------------------------------------------------------------------------------+
; Analysis & Synthesis Resource Usage Summary                                              ;
+---------------------------------------------+--------------------------------------------+
; Resource                                    ; Usage                                      ;
+---------------------------------------------+--------------------------------------------+
; Estimated Total logic elements              ; 5,594                                      ;
;                                             ;                                            ;
; Total combinational functions               ; 3845                                       ;
; Logic element usage by number of LUT inputs ;                                            ;
;     -- 4 input functions                    ; 2529                                       ;
;     -- 3 input functions                    ; 912                                        ;
;     -- <=2 input functions                  ; 404                                        ;
;                                             ;                                            ;
; Logic elements by mode                      ;                                            ;
;     -- normal mode                          ; 3507                                       ;
;     -- arithmetic mode                      ; 338                                        ;
;                                             ;                                            ;
; Total registers                             ; 2712                                       ;
;     -- Dedicated logic registers            ; 2712                                       ;
;     -- I/O registers                        ; 0                                          ;
;                                             ;                                            ;
; I/O pins                                    ; 297                                        ;
; Total memory bits                           ; 483328                                     ;
;                                             ;                                            ;
; Embedded Multiplier 9-bit elements          ; 4                                          ;
;                                             ;                                            ;
; Total PLLs                                  ; 1                                          ;
;     -- PLLs                                 ; 1                                          ;
;                                             ;                                            ;
; Maximum fan-out node                        ; PLL:\G0:MCLK|altpll:altpll_component|_clk0 ;
; Maximum fan-out                             ; 2273                                       ;
; Total fan-out                               ; 27719                                      ;
; Average fan-out                             ; 3.79                                       ;
+---------------------------------------------+--------------------------------------------+


+----------------------------------------------------------------------------------------------------------------------------------------------------------------------------------------------------------------------------------------------------------------------------------------------------------------------------------------------------------------------------------------------------------------------------------------------------------------------------------------------------------------------------------------------------------------------------------------------------------------------------------------------------------------------------------------------------------------------------------------+
; Analysis & Synthesis Resource Utilization by Entity                                                                                                                                                                                                                                                                                                                                                                                                                                                                                                                                                                                                                                                                                    ;
+-----------------------------------------------------------------------------------------------------------------------------------------+---------------------+---------------------------+-------------+--------------+---------+-----------+------+--------------+--------------------------------------------------------------------------------------------------------------------------------------------------------------------------------------------------------------------------------------------------------------------------------------------------------------------------------------------------------------------------------------------+-------------------------------------------------------+--------------+
; Compilation Hierarchy Node                                                                                                              ; Combinational ALUTs ; Dedicated Logic Registers ; Memory Bits ; DSP Elements ; DSP 9x9 ; DSP 18x18 ; Pins ; Virtual Pins ; Full Hierarchy Name                                                                                                                                                                                                                                                                                                                                                                        ; Entity Name                                           ; Library Name ;
+-----------------------------------------------------------------------------------------------------------------------------------------+---------------------+---------------------------+-------------+--------------+---------+-----------+------+--------------+--------------------------------------------------------------------------------------------------------------------------------------------------------------------------------------------------------------------------------------------------------------------------------------------------------------------------------------------------------------------------------------------+-------------------------------------------------------+--------------+
; |RV32IM_PIPE_CORE                                                                                                                       ; 3845 (41)           ; 2712 (40)                 ; 483328      ; 4            ; 4       ; 0         ; 297  ; 0            ; |RV32IM_PIPE_CORE                                                                                                                                                                                                                                                                                                                                                                          ; RV32IM_PIPE_CORE                                      ; work         ;
;    |Execute:EXE|                                                                                                                        ; 1100 (1049)         ; 102 (102)                 ; 0           ; 4            ; 4       ; 0         ; 0    ; 0            ; |RV32IM_PIPE_CORE|Execute:EXE                                                                                                                                                                                                                                                                                                                                                              ; Execute                                               ; work         ;
;       |MUL16:MUL|                                                                                                                       ; 51 (51)             ; 0 (0)                     ; 0           ; 4            ; 4       ; 0         ; 0    ; 0            ; |RV32IM_PIPE_CORE|Execute:EXE|MUL16:MUL                                                                                                                                                                                                                                                                                                                                                    ; MUL16                                                 ; work         ;
;          |lpm_mult:Mult0|                                                                                                               ; 0 (0)               ; 0 (0)                     ; 0           ; 1            ; 1       ; 0         ; 0    ; 0            ; |RV32IM_PIPE_CORE|Execute:EXE|MUL16:MUL|lpm_mult:Mult0                                                                                                                                                                                                                                                                                                                                     ; lpm_mult                                              ; work         ;
;             |mult_aat:auto_generated|                                                                                                   ; 0 (0)               ; 0 (0)                     ; 0           ; 1            ; 1       ; 0         ; 0    ; 0            ; |RV32IM_PIPE_CORE|Execute:EXE|MUL16:MUL|lpm_mult:Mult0|mult_aat:auto_generated                                                                                                                                                                                                                                                                                                             ; mult_aat                                              ; work         ;
;          |lpm_mult:Mult1|                                                                                                               ; 0 (0)               ; 0 (0)                     ; 0           ; 1            ; 1       ; 0         ; 0    ; 0            ; |RV32IM_PIPE_CORE|Execute:EXE|MUL16:MUL|lpm_mult:Mult1                                                                                                                                                                                                                                                                                                                                     ; lpm_mult                                              ; work         ;
;             |mult_aat:auto_generated|                                                                                                   ; 0 (0)               ; 0 (0)                     ; 0           ; 1            ; 1       ; 0         ; 0    ; 0            ; |RV32IM_PIPE_CORE|Execute:EXE|MUL16:MUL|lpm_mult:Mult1|mult_aat:auto_generated                                                                                                                                                                                                                                                                                                             ; mult_aat                                              ; work         ;
;          |lpm_mult:Mult2|                                                                                                               ; 0 (0)               ; 0 (0)                     ; 0           ; 1            ; 1       ; 0         ; 0    ; 0            ; |RV32IM_PIPE_CORE|Execute:EXE|MUL16:MUL|lpm_mult:Mult2                                                                                                                                                                                                                                                                                                                                     ; lpm_mult                                              ; work         ;
;             |mult_aat:auto_generated|                                                                                                   ; 0 (0)               ; 0 (0)                     ; 0           ; 1            ; 1       ; 0         ; 0    ; 0            ; |RV32IM_PIPE_CORE|Execute:EXE|MUL16:MUL|lpm_mult:Mult2|mult_aat:auto_generated                                                                                                                                                                                                                                                                                                             ; mult_aat                                              ; work         ;
;          |lpm_mult:Mult3|                                                                                                               ; 0 (0)               ; 0 (0)                     ; 0           ; 1            ; 1       ; 0         ; 0    ; 0            ; |RV32IM_PIPE_CORE|Execute:EXE|MUL16:MUL|lpm_mult:Mult3                                                                                                                                                                                                                                                                                                                                     ; lpm_mult                                              ; work         ;
;             |mult_aat:auto_generated|                                                                                                   ; 0 (0)               ; 0 (0)                     ; 0           ; 1            ; 1       ; 0         ; 0    ; 0            ; |RV32IM_PIPE_CORE|Execute:EXE|MUL16:MUL|lpm_mult:Mult3|mult_aat:auto_generated                                                                                                                                                                                                                                                                                                             ; mult_aat                                              ; work         ;
;    |FORWARD_UNIT:FWD|                                                                                                                   ; 15 (15)             ; 0 (0)                     ; 0           ; 0            ; 0       ; 0         ; 0    ; 0            ; |RV32IM_PIPE_CORE|FORWARD_UNIT:FWD                                                                                                                                                                                                                                                                                                                                                         ; FORWARD_UNIT                                          ; work         ;
;    |HAZARD_UNIT:HZD|                                                                                                                    ; 9 (9)               ; 0 (0)                     ; 0           ; 0            ; 0       ; 0         ; 0    ; 0            ; |RV32IM_PIPE_CORE|HAZARD_UNIT:HZD                                                                                                                                                                                                                                                                                                                                                          ; HAZARD_UNIT                                           ; work         ;
;    |Idecode:ID|                                                                                                                         ; 1623 (1623)         ; 1142 (1142)               ; 0           ; 0            ; 0       ; 0         ; 0    ; 0            ; |RV32IM_PIPE_CORE|Idecode:ID                                                                                                                                                                                                                                                                                                                                                               ; Idecode                                               ; work         ;
;    |Ifetch:IFE|                                                                                                                         ; 204 (108)           ; 148 (81)                  ; 65536       ; 0            ; 0       ; 0         ; 0    ; 0            ; |RV32IM_PIPE_CORE|Ifetch:IFE                                                                                                                                                                                                                                                                                                                                                               ; Ifetch                                                ; work         ;
;       |altsyncram:inst_memory|                                                                                                          ; 96 (0)              ; 67 (0)                    ; 65536       ; 0            ; 0       ; 0         ; 0    ; 0            ; |RV32IM_PIPE_CORE|Ifetch:IFE|altsyncram:inst_memory                                                                                                                                                                                                                                                                                                                                        ; altsyncram                                            ; work         ;
;          |altsyncram_ccv3:auto_generated|                                                                                               ; 96 (0)              ; 67 (0)                    ; 65536       ; 0            ; 0       ; 0         ; 0    ; 0            ; |RV32IM_PIPE_CORE|Ifetch:IFE|altsyncram:inst_memory|altsyncram_ccv3:auto_generated                                                                                                                                                                                                                                                                                                         ; altsyncram_ccv3                                       ; work         ;
;             |altsyncram_gmt2:altsyncram1|                                                                                               ; 0 (0)               ; 0 (0)                     ; 65536       ; 0            ; 0       ; 0         ; 0    ; 0            ; |RV32IM_PIPE_CORE|Ifetch:IFE|altsyncram:inst_memory|altsyncram_ccv3:auto_generated|altsyncram_gmt2:altsyncram1                                                                                                                                                                                                                                                                             ; altsyncram_gmt2                                       ; work         ;
;             |sld_mod_ram_rom:mgl_prim2|                                                                                                 ; 96 (74)             ; 67 (58)                   ; 0           ; 0            ; 0       ; 0         ; 0    ; 0            ; |RV32IM_PIPE_CORE|Ifetch:IFE|altsyncram:inst_memory|altsyncram_ccv3:auto_generated|sld_mod_ram_rom:mgl_prim2                                                                                                                                                                                                                                                                               ; sld_mod_ram_rom                                       ; work         ;
;                |sld_rom_sr:\ram_rom_logic_gen:name_gen:info_rom_sr|                                                                     ; 22 (22)             ; 9 (9)                     ; 0           ; 0            ; 0       ; 0         ; 0    ; 0            ; |RV32IM_PIPE_CORE|Ifetch:IFE|altsyncram:inst_memory|altsyncram_ccv3:auto_generated|sld_mod_ram_rom:mgl_prim2|sld_rom_sr:\ram_rom_logic_gen:name_gen:info_rom_sr                                                                                                                                                                                                                            ; sld_rom_sr                                            ; work         ;
;    |PLL:\G0:MCLK|                                                                                                                       ; 0 (0)               ; 0 (0)                     ; 0           ; 0            ; 0       ; 0         ; 0    ; 0            ; |RV32IM_PIPE_CORE|PLL:\G0:MCLK                                                                                                                                                                                                                                                                                                                                                             ; PLL                                                   ; work         ;
;       |altpll:altpll_component|                                                                                                         ; 0 (0)               ; 0 (0)                     ; 0           ; 0            ; 0       ; 0         ; 0    ; 0            ; |RV32IM_PIPE_CORE|PLL:\G0:MCLK|altpll:altpll_component                                                                                                                                                                                                                                                                                                                                     ; altpll                                                ; work         ;
;    |control:CTL|                                                                                                                        ; 60 (60)             ; 0 (0)                     ; 0           ; 0            ; 0       ; 0         ; 0    ; 0            ; |RV32IM_PIPE_CORE|control:CTL                                                                                                                                                                                                                                                                                                                                                              ; control                                               ; work         ;
;    |dmemory:MEM|                                                                                                                        ; 96 (0)              ; 152 (85)                  ; 65536       ; 0            ; 0       ; 0         ; 0    ; 0            ; |RV32IM_PIPE_CORE|dmemory:MEM                                                                                                                                                                                                                                                                                                                                                              ; dmemory                                               ; work         ;
;       |altsyncram:data_memory|                                                                                                          ; 96 (0)              ; 67 (0)                    ; 65536       ; 0            ; 0       ; 0         ; 0    ; 0            ; |RV32IM_PIPE_CORE|dmemory:MEM|altsyncram:data_memory                                                                                                                                                                                                                                                                                                                                       ; altsyncram                                            ; work         ;
;          |altsyncram_gf14:auto_generated|                                                                                               ; 96 (0)              ; 67 (0)                    ; 65536       ; 0            ; 0       ; 0         ; 0    ; 0            ; |RV32IM_PIPE_CORE|dmemory:MEM|altsyncram:data_memory|altsyncram_gf14:auto_generated                                                                                                                                                                                                                                                                                                        ; altsyncram_gf14                                       ; work         ;
;             |altsyncram_1vu2:altsyncram1|                                                                                               ; 0 (0)               ; 0 (0)                     ; 65536       ; 0            ; 0       ; 0         ; 0    ; 0            ; |RV32IM_PIPE_CORE|dmemory:MEM|altsyncram:data_memory|altsyncram_gf14:auto_generated|altsyncram_1vu2:altsyncram1                                                                                                                                                                                                                                                                            ; altsyncram_1vu2                                       ; work         ;
;             |sld_mod_ram_rom:mgl_prim2|                                                                                                 ; 96 (74)             ; 67 (58)                   ; 0           ; 0            ; 0       ; 0         ; 0    ; 0            ; |RV32IM_PIPE_CORE|dmemory:MEM|altsyncram:data_memory|altsyncram_gf14:auto_generated|sld_mod_ram_rom:mgl_prim2                                                                                                                                                                                                                                                                              ; sld_mod_ram_rom                                       ; work         ;
;                |sld_rom_sr:\ram_rom_logic_gen:name_gen:info_rom_sr|                                                                     ; 22 (22)             ; 9 (9)                     ; 0           ; 0            ; 0       ; 0         ; 0    ; 0            ; |RV32IM_PIPE_CORE|dmemory:MEM|altsyncram:data_memory|altsyncram_gf14:auto_generated|sld_mod_ram_rom:mgl_prim2|sld_rom_sr:\ram_rom_logic_gen:name_gen:info_rom_sr                                                                                                                                                                                                                           ; sld_rom_sr                                            ; work         ;
;    |sld_hub:auto_hub|                                                                                                                   ; 218 (1)             ; 136 (0)                   ; 0           ; 0            ; 0       ; 0         ; 0    ; 0            ; |RV32IM_PIPE_CORE|sld_hub:auto_hub                                                                                                                                                                                                                                                                                                                                                         ; sld_hub                                               ; altera_sld   ;
;       |alt_sld_fab_with_jtag_input:\instrumentation_fabric_with_node_gen:fabric_gen_new_way:with_jtag_input_gen:instrumentation_fabric| ; 217 (0)             ; 136 (0)                   ; 0           ; 0            ; 0       ; 0         ; 0    ; 0            ; |RV32IM_PIPE_CORE|sld_hub:auto_hub|alt_sld_fab_with_jtag_input:\instrumentation_fabric_with_node_gen:fabric_gen_new_way:with_jtag_input_gen:instrumentation_fabric                                                                                                                                                                                                                         ; alt_sld_fab_with_jtag_input                           ; altera_sld   ;
;          |alt_sld_fab:instrumentation_fabric|                                                                                           ; 217 (0)             ; 136 (0)                   ; 0           ; 0            ; 0       ; 0         ; 0    ; 0            ; |RV32IM_PIPE_CORE|sld_hub:auto_hub|alt_sld_fab_with_jtag_input:\instrumentation_fabric_with_node_gen:fabric_gen_new_way:with_jtag_input_gen:instrumentation_fabric|alt_sld_fab:instrumentation_fabric                                                                                                                                                                                      ; alt_sld_fab                                           ; alt_sld_fab  ;
;             |alt_sld_fab_alt_sld_fab:alt_sld_fab|                                                                                       ; 217 (1)             ; 136 (7)                   ; 0           ; 0            ; 0       ; 0         ; 0    ; 0            ; |RV32IM_PIPE_CORE|sld_hub:auto_hub|alt_sld_fab_with_jtag_input:\instrumentation_fabric_with_node_gen:fabric_gen_new_way:with_jtag_input_gen:instrumentation_fabric|alt_sld_fab:instrumentation_fabric|alt_sld_fab_alt_sld_fab:alt_sld_fab                                                                                                                                                  ; alt_sld_fab_alt_sld_fab                               ; alt_sld_fab  ;
;                |alt_sld_fab_alt_sld_fab_sldfabric:sldfabric|                                                                            ; 216 (0)             ; 129 (0)                   ; 0           ; 0            ; 0       ; 0         ; 0    ; 0            ; |RV32IM_PIPE_CORE|sld_hub:auto_hub|alt_sld_fab_with_jtag_input:\instrumentation_fabric_with_node_gen:fabric_gen_new_way:with_jtag_input_gen:instrumentation_fabric|alt_sld_fab:instrumentation_fabric|alt_sld_fab_alt_sld_fab:alt_sld_fab|alt_sld_fab_alt_sld_fab_sldfabric:sldfabric                                                                                                      ; alt_sld_fab_alt_sld_fab_sldfabric                     ; alt_sld_fab  ;
;                   |sld_jtag_hub:\jtag_hub_gen:real_sld_jtag_hub|                                                                        ; 216 (171)           ; 129 (100)                 ; 0           ; 0            ; 0       ; 0         ; 0    ; 0            ; |RV32IM_PIPE_CORE|sld_hub:auto_hub|alt_sld_fab_with_jtag_input:\instrumentation_fabric_with_node_gen:fabric_gen_new_way:with_jtag_input_gen:instrumentation_fabric|alt_sld_fab:instrumentation_fabric|alt_sld_fab_alt_sld_fab:alt_sld_fab|alt_sld_fab_alt_sld_fab_sldfabric:sldfabric|sld_jtag_hub:\jtag_hub_gen:real_sld_jtag_hub                                                         ; sld_jtag_hub                                          ; work         ;
;                      |sld_rom_sr:hub_info_reg|                                                                                          ; 26 (26)             ; 10 (10)                   ; 0           ; 0            ; 0       ; 0         ; 0    ; 0            ; |RV32IM_PIPE_CORE|sld_hub:auto_hub|alt_sld_fab_with_jtag_input:\instrumentation_fabric_with_node_gen:fabric_gen_new_way:with_jtag_input_gen:instrumentation_fabric|alt_sld_fab:instrumentation_fabric|alt_sld_fab_alt_sld_fab:alt_sld_fab|alt_sld_fab_alt_sld_fab_sldfabric:sldfabric|sld_jtag_hub:\jtag_hub_gen:real_sld_jtag_hub|sld_rom_sr:hub_info_reg                                 ; sld_rom_sr                                            ; work         ;
;                      |sld_shadow_jsm:shadow_jsm|                                                                                        ; 19 (19)             ; 19 (19)                   ; 0           ; 0            ; 0       ; 0         ; 0    ; 0            ; |RV32IM_PIPE_CORE|sld_hub:auto_hub|alt_sld_fab_with_jtag_input:\instrumentation_fabric_with_node_gen:fabric_gen_new_way:with_jtag_input_gen:instrumentation_fabric|alt_sld_fab:instrumentation_fabric|alt_sld_fab_alt_sld_fab:alt_sld_fab|alt_sld_fab_alt_sld_fab_sldfabric:sldfabric|sld_jtag_hub:\jtag_hub_gen:real_sld_jtag_hub|sld_shadow_jsm:shadow_jsm                               ; sld_shadow_jsm                                        ; altera_sld   ;
;    |sld_signaltap:auto_signaltap_0|                                                                                                     ; 479 (2)             ; 992 (172)                 ; 352256      ; 0            ; 0       ; 0         ; 0    ; 0            ; |RV32IM_PIPE_CORE|sld_signaltap:auto_signaltap_0                                                                                                                                                                                                                                                                                                                                           ; sld_signaltap                                         ; work         ;
;       |sld_signaltap_impl:sld_signaltap_body|                                                                                           ; 477 (0)             ; 820 (0)                   ; 352256      ; 0            ; 0       ; 0         ; 0    ; 0            ; |RV32IM_PIPE_CORE|sld_signaltap:auto_signaltap_0|sld_signaltap_impl:sld_signaltap_body                                                                                                                                                                                                                                                                                                     ; sld_signaltap_impl                                    ; work         ;
;          |sld_signaltap_implb:sld_signaltap_body|                                                                                       ; 477 (88)            ; 820 (428)                 ; 352256      ; 0            ; 0       ; 0         ; 0    ; 0            ; |RV32IM_PIPE_CORE|sld_signaltap:auto_signaltap_0|sld_signaltap_impl:sld_signaltap_body|sld_signaltap_implb:sld_signaltap_body                                                                                                                                                                                                                                                              ; sld_signaltap_implb                                   ; work         ;
;             |altdpram:\stp_non_zero_ram_gen:attribute_mem_gen:attribute_mem|                                                            ; 27 (0)              ; 76 (76)                   ; 0           ; 0            ; 0       ; 0         ; 0    ; 0            ; |RV32IM_PIPE_CORE|sld_signaltap:auto_signaltap_0|sld_signaltap_impl:sld_signaltap_body|sld_signaltap_implb:sld_signaltap_body|altdpram:\stp_non_zero_ram_gen:attribute_mem_gen:attribute_mem                                                                                                                                                                                               ; altdpram                                              ; work         ;
;                |lpm_decode:wdecoder|                                                                                                    ; 2 (0)               ; 0 (0)                     ; 0           ; 0            ; 0       ; 0         ; 0    ; 0            ; |RV32IM_PIPE_CORE|sld_signaltap:auto_signaltap_0|sld_signaltap_impl:sld_signaltap_body|sld_signaltap_implb:sld_signaltap_body|altdpram:\stp_non_zero_ram_gen:attribute_mem_gen:attribute_mem|lpm_decode:wdecoder                                                                                                                                                                           ; lpm_decode                                            ; work         ;
;                   |decode_dvf:auto_generated|                                                                                           ; 2 (2)               ; 0 (0)                     ; 0           ; 0            ; 0       ; 0         ; 0    ; 0            ; |RV32IM_PIPE_CORE|sld_signaltap:auto_signaltap_0|sld_signaltap_impl:sld_signaltap_body|sld_signaltap_implb:sld_signaltap_body|altdpram:\stp_non_zero_ram_gen:attribute_mem_gen:attribute_mem|lpm_decode:wdecoder|decode_dvf:auto_generated                                                                                                                                                 ; decode_dvf                                            ; work         ;
;                |lpm_mux:mux|                                                                                                            ; 25 (0)              ; 0 (0)                     ; 0           ; 0            ; 0       ; 0         ; 0    ; 0            ; |RV32IM_PIPE_CORE|sld_signaltap:auto_signaltap_0|sld_signaltap_impl:sld_signaltap_body|sld_signaltap_implb:sld_signaltap_body|altdpram:\stp_non_zero_ram_gen:attribute_mem_gen:attribute_mem|lpm_mux:mux                                                                                                                                                                                   ; lpm_mux                                               ; work         ;
;                   |mux_tsc:auto_generated|                                                                                              ; 25 (25)             ; 0 (0)                     ; 0           ; 0            ; 0       ; 0         ; 0    ; 0            ; |RV32IM_PIPE_CORE|sld_signaltap:auto_signaltap_0|sld_signaltap_impl:sld_signaltap_body|sld_signaltap_implb:sld_signaltap_body|altdpram:\stp_non_zero_ram_gen:attribute_mem_gen:attribute_mem|lpm_mux:mux|mux_tsc:auto_generated                                                                                                                                                            ; mux_tsc                                               ; work         ;
;             |altsyncram:\stp_non_zero_ram_gen:stp_buffer_ram|                                                                           ; 0 (0)               ; 0 (0)                     ; 352256      ; 0            ; 0       ; 0         ; 0    ; 0            ; |RV32IM_PIPE_CORE|sld_signaltap:auto_signaltap_0|sld_signaltap_impl:sld_signaltap_body|sld_signaltap_implb:sld_signaltap_body|altsyncram:\stp_non_zero_ram_gen:stp_buffer_ram                                                                                                                                                                                                              ; altsyncram                                            ; work         ;
;                |altsyncram_qb24:auto_generated|                                                                                         ; 0 (0)               ; 0 (0)                     ; 352256      ; 0            ; 0       ; 0         ; 0    ; 0            ; |RV32IM_PIPE_CORE|sld_signaltap:auto_signaltap_0|sld_signaltap_impl:sld_signaltap_body|sld_signaltap_implb:sld_signaltap_body|altsyncram:\stp_non_zero_ram_gen:stp_buffer_ram|altsyncram_qb24:auto_generated                                                                                                                                                                               ; altsyncram_qb24                                       ; work         ;
;             |lpm_shiftreg:segment_offset_config_deserialize|                                                                            ; 0 (0)               ; 12 (12)                   ; 0           ; 0            ; 0       ; 0         ; 0    ; 0            ; |RV32IM_PIPE_CORE|sld_signaltap:auto_signaltap_0|sld_signaltap_impl:sld_signaltap_body|sld_signaltap_implb:sld_signaltap_body|lpm_shiftreg:segment_offset_config_deserialize                                                                                                                                                                                                               ; lpm_shiftreg                                          ; work         ;
;             |lpm_shiftreg:status_register|                                                                                              ; 17 (17)             ; 17 (17)                   ; 0           ; 0            ; 0       ; 0         ; 0    ; 0            ; |RV32IM_PIPE_CORE|sld_signaltap:auto_signaltap_0|sld_signaltap_impl:sld_signaltap_body|sld_signaltap_implb:sld_signaltap_body|lpm_shiftreg:status_register                                                                                                                                                                                                                                 ; lpm_shiftreg                                          ; work         ;
;             |serial_crc_16:\tdo_crc_gen:tdo_crc_calc|                                                                                   ; 14 (14)             ; 13 (13)                   ; 0           ; 0            ; 0       ; 0         ; 0    ; 0            ; |RV32IM_PIPE_CORE|sld_signaltap:auto_signaltap_0|sld_signaltap_impl:sld_signaltap_body|sld_signaltap_implb:sld_signaltap_body|serial_crc_16:\tdo_crc_gen:tdo_crc_calc                                                                                                                                                                                                                      ; serial_crc_16                                         ; work         ;
;             |sld_buffer_manager:sld_buffer_manager_inst|                                                                                ; 93 (93)             ; 69 (69)                   ; 0           ; 0            ; 0       ; 0         ; 0    ; 0            ; |RV32IM_PIPE_CORE|sld_signaltap:auto_signaltap_0|sld_signaltap_impl:sld_signaltap_body|sld_signaltap_implb:sld_signaltap_body|sld_buffer_manager:sld_buffer_manager_inst                                                                                                                                                                                                                   ; sld_buffer_manager                                    ; work         ;
;             |sld_ela_control:ela_control|                                                                                               ; 31 (1)              ; 36 (1)                    ; 0           ; 0            ; 0       ; 0         ; 0    ; 0            ; |RV32IM_PIPE_CORE|sld_signaltap:auto_signaltap_0|sld_signaltap_impl:sld_signaltap_body|sld_signaltap_implb:sld_signaltap_body|sld_ela_control:ela_control                                                                                                                                                                                                                                  ; sld_ela_control                                       ; work         ;
;                |lpm_shiftreg:trigger_config_deserialize|                                                                                ; 0 (0)               ; 4 (4)                     ; 0           ; 0            ; 0       ; 0         ; 0    ; 0            ; |RV32IM_PIPE_CORE|sld_signaltap:auto_signaltap_0|sld_signaltap_impl:sld_signaltap_body|sld_signaltap_implb:sld_signaltap_body|sld_ela_control:ela_control|lpm_shiftreg:trigger_config_deserialize                                                                                                                                                                                          ; lpm_shiftreg                                          ; work         ;
;                |sld_ela_trigger:\multi_level_advanced_trigger_gen:advanced_trigger_wrapper|                                             ; 29 (0)              ; 20 (0)                    ; 0           ; 0            ; 0       ; 0         ; 0    ; 0            ; |RV32IM_PIPE_CORE|sld_signaltap:auto_signaltap_0|sld_signaltap_impl:sld_signaltap_body|sld_signaltap_implb:sld_signaltap_body|sld_ela_control:ela_control|sld_ela_trigger:\multi_level_advanced_trigger_gen:advanced_trigger_wrapper                                                                                                                                                       ; sld_ela_trigger                                       ; work         ;
;                   |sld_ela_trigger_9fp:auto_generated|                                                                                  ; 29 (0)              ; 20 (0)                    ; 0           ; 0            ; 0       ; 0         ; 0    ; 0            ; |RV32IM_PIPE_CORE|sld_signaltap:auto_signaltap_0|sld_signaltap_impl:sld_signaltap_body|sld_signaltap_implb:sld_signaltap_body|sld_ela_control:ela_control|sld_ela_trigger:\multi_level_advanced_trigger_gen:advanced_trigger_wrapper|sld_ela_trigger_9fp:auto_generated                                                                                                                    ; sld_ela_trigger_9fp                                   ; work         ;
;                      |sld_reserved_RV32IM_PIPE_CORE_auto_signaltap_0_1_2111:mgl_prim1|                                                  ; 29 (2)              ; 20 (1)                    ; 0           ; 0            ; 0       ; 0         ; 0    ; 0            ; |RV32IM_PIPE_CORE|sld_signaltap:auto_signaltap_0|sld_signaltap_impl:sld_signaltap_body|sld_signaltap_implb:sld_signaltap_body|sld_ela_control:ela_control|sld_ela_trigger:\multi_level_advanced_trigger_gen:advanced_trigger_wrapper|sld_ela_trigger_9fp:auto_generated|sld_reserved_RV32IM_PIPE_CORE_auto_signaltap_0_1_2111:mgl_prim1                                                    ; sld_reserved_RV32IM_PIPE_CORE_auto_signaltap_0_1_2111 ; work         ;
;                         |lpm_compare:comparison_0_1|                                                                                    ; 27 (0)              ; 0 (0)                     ; 0           ; 0            ; 0       ; 0         ; 0    ; 0            ; |RV32IM_PIPE_CORE|sld_signaltap:auto_signaltap_0|sld_signaltap_impl:sld_signaltap_body|sld_signaltap_implb:sld_signaltap_body|sld_ela_control:ela_control|sld_ela_trigger:\multi_level_advanced_trigger_gen:advanced_trigger_wrapper|sld_ela_trigger_9fp:auto_generated|sld_reserved_RV32IM_PIPE_CORE_auto_signaltap_0_1_2111:mgl_prim1|lpm_compare:comparison_0_1                         ; lpm_compare                                           ; work         ;
;                            |cmpr_5bl:auto_generated|                                                                                    ; 27 (27)             ; 0 (0)                     ; 0           ; 0            ; 0       ; 0         ; 0    ; 0            ; |RV32IM_PIPE_CORE|sld_signaltap:auto_signaltap_0|sld_signaltap_impl:sld_signaltap_body|sld_signaltap_implb:sld_signaltap_body|sld_ela_control:ela_control|sld_ela_trigger:\multi_level_advanced_trigger_gen:advanced_trigger_wrapper|sld_ela_trigger_9fp:auto_generated|sld_reserved_RV32IM_PIPE_CORE_auto_signaltap_0_1_2111:mgl_prim1|lpm_compare:comparison_0_1|cmpr_5bl:auto_generated ; cmpr_5bl                                              ; work         ;
;                         |lpm_shiftreg:config_shiftreg_2|                                                                                ; 0 (0)               ; 16 (16)                   ; 0           ; 0            ; 0       ; 0         ; 0    ; 0            ; |RV32IM_PIPE_CORE|sld_signaltap:auto_signaltap_0|sld_signaltap_impl:sld_signaltap_body|sld_signaltap_implb:sld_signaltap_body|sld_ela_control:ela_control|sld_ela_trigger:\multi_level_advanced_trigger_gen:advanced_trigger_wrapper|sld_ela_trigger_9fp:auto_generated|sld_reserved_RV32IM_PIPE_CORE_auto_signaltap_0_1_2111:mgl_prim1|lpm_shiftreg:config_shiftreg_2                     ; lpm_shiftreg                                          ; work         ;
;                         |lpm_shiftreg:config_shiftreg_3|                                                                                ; 0 (0)               ; 3 (3)                     ; 0           ; 0            ; 0       ; 0         ; 0    ; 0            ; |RV32IM_PIPE_CORE|sld_signaltap:auto_signaltap_0|sld_signaltap_impl:sld_signaltap_body|sld_signaltap_implb:sld_signaltap_body|sld_ela_control:ela_control|sld_ela_trigger:\multi_level_advanced_trigger_gen:advanced_trigger_wrapper|sld_ela_trigger_9fp:auto_generated|sld_reserved_RV32IM_PIPE_CORE_auto_signaltap_0_1_2111:mgl_prim1|lpm_shiftreg:config_shiftreg_3                     ; lpm_shiftreg                                          ; work         ;
;                |sld_ela_trigger_flow_mgr:\builtin:ela_trigger_flow_mgr_entity|                                                          ; 1 (1)               ; 11 (1)                    ; 0           ; 0            ; 0       ; 0         ; 0    ; 0            ; |RV32IM_PIPE_CORE|sld_signaltap:auto_signaltap_0|sld_signaltap_impl:sld_signaltap_body|sld_signaltap_implb:sld_signaltap_body|sld_ela_control:ela_control|sld_ela_trigger_flow_mgr:\builtin:ela_trigger_flow_mgr_entity                                                                                                                                                                    ; sld_ela_trigger_flow_mgr                              ; work         ;
;                   |lpm_shiftreg:trigger_config_deserialize|                                                                             ; 0 (0)               ; 10 (10)                   ; 0           ; 0            ; 0       ; 0         ; 0    ; 0            ; |RV32IM_PIPE_CORE|sld_signaltap:auto_signaltap_0|sld_signaltap_impl:sld_signaltap_body|sld_signaltap_implb:sld_signaltap_body|sld_ela_control:ela_control|sld_ela_trigger_flow_mgr:\builtin:ela_trigger_flow_mgr_entity|lpm_shiftreg:trigger_config_deserialize                                                                                                                            ; lpm_shiftreg                                          ; work         ;
;             |sld_offload_buffer_mgr:\stp_non_zero_depth_offload_gen:stp_offload_buff_mgr_inst|                                          ; 177 (10)            ; 161 (0)                   ; 0           ; 0            ; 0       ; 0         ; 0    ; 0            ; |RV32IM_PIPE_CORE|sld_signaltap:auto_signaltap_0|sld_signaltap_impl:sld_signaltap_body|sld_signaltap_implb:sld_signaltap_body|sld_offload_buffer_mgr:\stp_non_zero_depth_offload_gen:stp_offload_buff_mgr_inst                                                                                                                                                                             ; sld_offload_buffer_mgr                                ; work         ;
;                |lpm_counter:\adv_point_3_and_more:advance_pointer_counter|                                                              ; 9 (0)               ; 7 (0)                     ; 0           ; 0            ; 0       ; 0         ; 0    ; 0            ; |RV32IM_PIPE_CORE|sld_signaltap:auto_signaltap_0|sld_signaltap_impl:sld_signaltap_body|sld_signaltap_implb:sld_signaltap_body|sld_offload_buffer_mgr:\stp_non_zero_depth_offload_gen:stp_offload_buff_mgr_inst|lpm_counter:\adv_point_3_and_more:advance_pointer_counter                                                                                                                   ; lpm_counter                                           ; work         ;
;                   |cntr_pgi:auto_generated|                                                                                             ; 9 (9)               ; 7 (7)                     ; 0           ; 0            ; 0       ; 0         ; 0    ; 0            ; |RV32IM_PIPE_CORE|sld_signaltap:auto_signaltap_0|sld_signaltap_impl:sld_signaltap_body|sld_signaltap_implb:sld_signaltap_body|sld_offload_buffer_mgr:\stp_non_zero_depth_offload_gen:stp_offload_buff_mgr_inst|lpm_counter:\adv_point_3_and_more:advance_pointer_counter|cntr_pgi:auto_generated                                                                                           ; cntr_pgi                                              ; work         ;
;                |lpm_counter:read_pointer_counter|                                                                                       ; 12 (0)              ; 12 (0)                    ; 0           ; 0            ; 0       ; 0         ; 0    ; 0            ; |RV32IM_PIPE_CORE|sld_signaltap:auto_signaltap_0|sld_signaltap_impl:sld_signaltap_body|sld_signaltap_implb:sld_signaltap_body|sld_offload_buffer_mgr:\stp_non_zero_depth_offload_gen:stp_offload_buff_mgr_inst|lpm_counter:read_pointer_counter                                                                                                                                            ; lpm_counter                                           ; work         ;
;                   |cntr_m9j:auto_generated|                                                                                             ; 12 (12)             ; 12 (12)                   ; 0           ; 0            ; 0       ; 0         ; 0    ; 0            ; |RV32IM_PIPE_CORE|sld_signaltap:auto_signaltap_0|sld_signaltap_impl:sld_signaltap_body|sld_signaltap_implb:sld_signaltap_body|sld_offload_buffer_mgr:\stp_non_zero_depth_offload_gen:stp_offload_buff_mgr_inst|lpm_counter:read_pointer_counter|cntr_m9j:auto_generated                                                                                                                    ; cntr_m9j                                              ; work         ;
;                |lpm_counter:status_advance_pointer_counter|                                                                             ; 7 (0)               ; 5 (0)                     ; 0           ; 0            ; 0       ; 0         ; 0    ; 0            ; |RV32IM_PIPE_CORE|sld_signaltap:auto_signaltap_0|sld_signaltap_impl:sld_signaltap_body|sld_signaltap_implb:sld_signaltap_body|sld_offload_buffer_mgr:\stp_non_zero_depth_offload_gen:stp_offload_buff_mgr_inst|lpm_counter:status_advance_pointer_counter                                                                                                                                  ; lpm_counter                                           ; work         ;
;                   |cntr_ggi:auto_generated|                                                                                             ; 7 (7)               ; 5 (5)                     ; 0           ; 0            ; 0       ; 0         ; 0    ; 0            ; |RV32IM_PIPE_CORE|sld_signaltap:auto_signaltap_0|sld_signaltap_impl:sld_signaltap_body|sld_signaltap_implb:sld_signaltap_body|sld_offload_buffer_mgr:\stp_non_zero_depth_offload_gen:stp_offload_buff_mgr_inst|lpm_counter:status_advance_pointer_counter|cntr_ggi:auto_generated                                                                                                          ; cntr_ggi                                              ; work         ;
;                |lpm_counter:status_read_pointer_counter|                                                                                ; 3 (0)               ; 1 (0)                     ; 0           ; 0            ; 0       ; 0         ; 0    ; 0            ; |RV32IM_PIPE_CORE|sld_signaltap:auto_signaltap_0|sld_signaltap_impl:sld_signaltap_body|sld_signaltap_implb:sld_signaltap_body|sld_offload_buffer_mgr:\stp_non_zero_depth_offload_gen:stp_offload_buff_mgr_inst|lpm_counter:status_read_pointer_counter                                                                                                                                     ; lpm_counter                                           ; work         ;
;                   |cntr_23j:auto_generated|                                                                                             ; 3 (3)               ; 1 (1)                     ; 0           ; 0            ; 0       ; 0         ; 0    ; 0            ; |RV32IM_PIPE_CORE|sld_signaltap:auto_signaltap_0|sld_signaltap_impl:sld_signaltap_body|sld_signaltap_implb:sld_signaltap_body|sld_offload_buffer_mgr:\stp_non_zero_depth_offload_gen:stp_offload_buff_mgr_inst|lpm_counter:status_read_pointer_counter|cntr_23j:auto_generated                                                                                                             ; cntr_23j                                              ; work         ;
;                |lpm_shiftreg:info_data_shift_out|                                                                                       ; 25 (25)             ; 25 (25)                   ; 0           ; 0            ; 0       ; 0         ; 0    ; 0            ; |RV32IM_PIPE_CORE|sld_signaltap:auto_signaltap_0|sld_signaltap_impl:sld_signaltap_body|sld_signaltap_implb:sld_signaltap_body|sld_offload_buffer_mgr:\stp_non_zero_depth_offload_gen:stp_offload_buff_mgr_inst|lpm_shiftreg:info_data_shift_out                                                                                                                                            ; lpm_shiftreg                                          ; work         ;
;                |lpm_shiftreg:ram_data_shift_out|                                                                                        ; 86 (86)             ; 86 (86)                   ; 0           ; 0            ; 0       ; 0         ; 0    ; 0            ; |RV32IM_PIPE_CORE|sld_signaltap:auto_signaltap_0|sld_signaltap_impl:sld_signaltap_body|sld_signaltap_implb:sld_signaltap_body|sld_offload_buffer_mgr:\stp_non_zero_depth_offload_gen:stp_offload_buff_mgr_inst|lpm_shiftreg:ram_data_shift_out                                                                                                                                             ; lpm_shiftreg                                          ; work         ;
;                |lpm_shiftreg:status_data_shift_out|                                                                                     ; 25 (25)             ; 25 (25)                   ; 0           ; 0            ; 0       ; 0         ; 0    ; 0            ; |RV32IM_PIPE_CORE|sld_signaltap:auto_signaltap_0|sld_signaltap_impl:sld_signaltap_body|sld_signaltap_implb:sld_signaltap_body|sld_offload_buffer_mgr:\stp_non_zero_depth_offload_gen:stp_offload_buff_mgr_inst|lpm_shiftreg:status_data_shift_out                                                                                                                                          ; lpm_shiftreg                                          ; work         ;
;             |sld_rom_sr:crc_rom_sr|                                                                                                     ; 30 (30)             ; 8 (8)                     ; 0           ; 0            ; 0       ; 0         ; 0    ; 0            ; |RV32IM_PIPE_CORE|sld_signaltap:auto_signaltap_0|sld_signaltap_impl:sld_signaltap_body|sld_signaltap_implb:sld_signaltap_body|sld_rom_sr:crc_rom_sr                                                                                                                                                                                                                                        ; sld_rom_sr                                            ; work         ;
+-----------------------------------------------------------------------------------------------------------------------------------------+---------------------+---------------------------+-------------+--------------+---------+-----------+------+--------------+--------------------------------------------------------------------------------------------------------------------------------------------------------------------------------------------------------------------------------------------------------------------------------------------------------------------------------------------------------------------------------------------+-------------------------------------------------------+--------------+
Note: For table entries with two numbers listed, the numbers in parentheses indicate the number of resources of the given type used by the specific entity alone. The numbers listed outside of parentheses indicate the total resources of the given type used by the specific entity and all of its sub-entities in the hierarchy.


+-----------------------------------------------------------------------------------------------------------------------------------------------------------------------------------------------------------------------------------------------------------------------------------------------------------------------------------------------------+
; Analysis & Synthesis RAM Summary                                                                                                                                                                                                                                                                                                                    ;
+-------------------------------------------------------------------------------------------------------------------------------------------------------------------------------------------------------+------+------------------+--------------+--------------+--------------+--------------+--------+----------------------------------------------+
; Name                                                                                                                                                                                                  ; Type ; Mode             ; Port A Depth ; Port A Width ; Port B Depth ; Port B Width ; Size   ; MIF                                          ;
+-------------------------------------------------------------------------------------------------------------------------------------------------------------------------------------------------------+------+------------------+--------------+--------------+--------------+--------------+--------+----------------------------------------------+
; Ifetch:IFE|altsyncram:inst_memory|altsyncram_ccv3:auto_generated|altsyncram_gmt2:altsyncram1|ALTSYNCRAM                                                                                               ; AUTO ; True Dual Port   ; 2048         ; 32           ; 2048         ; 32           ; 65536  ; C:\TestPrograms\Quartus21_1\app_bin\ITCM.hex ;
; dmemory:MEM|altsyncram:data_memory|altsyncram_gf14:auto_generated|altsyncram_1vu2:altsyncram1|ALTSYNCRAM                                                                                              ; AUTO ; True Dual Port   ; 2048         ; 32           ; 2048         ; 32           ; 65536  ; C:\TestPrograms\Quartus21_1\app_bin\DTCM.hex ;
; sld_signaltap:auto_signaltap_0|sld_signaltap_impl:sld_signaltap_body|sld_signaltap_implb:sld_signaltap_body|altsyncram:\stp_non_zero_ram_gen:stp_buffer_ram|altsyncram_qb24:auto_generated|ALTSYNCRAM ; AUTO ; Simple Dual Port ; 4096         ; 86           ; 4096         ; 86           ; 352256 ; None                                         ;
+-------------------------------------------------------------------------------------------------------------------------------------------------------------------------------------------------------+------+------------------+--------------+--------------+--------------+--------------+--------+----------------------------------------------+


+-----------------------------------------------------+
; Analysis & Synthesis DSP Block Usage Summary        ;
+---------------------------------------+-------------+
; Statistic                             ; Number Used ;
+---------------------------------------+-------------+
; Simple Multipliers (9-bit)            ; 4           ;
; Simple Multipliers (18-bit)           ; 0           ;
; Embedded Multiplier Blocks            ; --          ;
; Embedded Multiplier 9-bit elements    ; 4           ;
; Signed Embedded Multipliers           ; 0           ;
; Unsigned Embedded Multipliers         ; 4           ;
; Mixed Sign Embedded Multipliers       ; 0           ;
; Variable Sign Embedded Multipliers    ; 0           ;
; Dedicated Input Shift Register Chains ; 0           ;
+---------------------------------------+-------------+
Note: number of Embedded Multiplier Blocks used is only available after a successful fit.


+---------------------------------------------------------------------------------------------------------------------------------------------------------------------------------------------------------------------------------------------------------------------------------------------------------------------------------------------------------------------------------------------------------------------------+
; Analysis & Synthesis IP Cores Summary                                                                                                                                                                                                                                                                                                                                                                                     ;
+--------+--------------+---------+--------------+--------------+-----------------------------------------------------------------------------------------------------------------------------------------------------------------------------------------------------------------------------------------------------------------------------------------------------------------------------------------+-----------------+
; Vendor ; IP Core Name ; Version ; Release Date ; License Type ; Entity Instance                                                                                                                                                                                                                                                                                                                         ; IP Include File ;
+--------+--------------+---------+--------------+--------------+-----------------------------------------------------------------------------------------------------------------------------------------------------------------------------------------------------------------------------------------------------------------------------------------------------------------------------------------+-----------------+
; Altera ; Signal Tap   ; N/A     ; N/A          ; Licensed     ; |RV32IM_PIPE_CORE|sld_hub:auto_hub|alt_sld_fab_with_jtag_input:\instrumentation_fabric_with_node_gen:fabric_gen_new_way:with_jtag_input_gen:instrumentation_fabric|alt_sld_fab:instrumentation_fabric                                                                                                                                   ;                 ;
; Altera ; Signal Tap   ; N/A     ; N/A          ; Licensed     ; |RV32IM_PIPE_CORE|sld_hub:auto_hub|alt_sld_fab_with_jtag_input:\instrumentation_fabric_with_node_gen:fabric_gen_new_way:with_jtag_input_gen:instrumentation_fabric|alt_sld_fab:instrumentation_fabric|alt_sld_fab_alt_sld_fab:alt_sld_fab                                                                                               ;                 ;
; Altera ; Signal Tap   ; N/A     ; N/A          ; Licensed     ; |RV32IM_PIPE_CORE|sld_hub:auto_hub|alt_sld_fab_with_jtag_input:\instrumentation_fabric_with_node_gen:fabric_gen_new_way:with_jtag_input_gen:instrumentation_fabric|alt_sld_fab:instrumentation_fabric|alt_sld_fab_alt_sld_fab:alt_sld_fab|alt_sld_fab_alt_sld_fab_presplit:presplit                                                     ;                 ;
; Altera ; Signal Tap   ; N/A     ; N/A          ; Licensed     ; |RV32IM_PIPE_CORE|sld_hub:auto_hub|alt_sld_fab_with_jtag_input:\instrumentation_fabric_with_node_gen:fabric_gen_new_way:with_jtag_input_gen:instrumentation_fabric|alt_sld_fab:instrumentation_fabric|alt_sld_fab_alt_sld_fab:alt_sld_fab|alt_sld_fab_alt_sld_fab_sldfabric:sldfabric                                                   ;                 ;
; Altera ; Signal Tap   ; N/A     ; N/A          ; Licensed     ; |RV32IM_PIPE_CORE|sld_hub:auto_hub|alt_sld_fab_with_jtag_input:\instrumentation_fabric_with_node_gen:fabric_gen_new_way:with_jtag_input_gen:instrumentation_fabric|alt_sld_fab:instrumentation_fabric|alt_sld_fab_alt_sld_fab:alt_sld_fab|alt_sld_fab_alt_sld_fab_splitter:splitter                                                     ;                 ;
; Altera ; Signal Tap   ; N/A     ; N/A          ; Licensed     ; |RV32IM_PIPE_CORE|sld_signaltap:auto_signaltap_0|sld_signaltap_impl:sld_signaltap_body|sld_signaltap_implb:sld_signaltap_body|sld_ela_control:ela_control|sld_ela_trigger:\multi_level_advanced_trigger_gen:advanced_trigger_wrapper|sld_ela_trigger_9fp:auto_generated|sld_reserved_RV32IM_PIPE_CORE_auto_signaltap_0_1_2111:mgl_prim1 ;                 ;
+--------+--------------+---------+--------------+--------------+-----------------------------------------------------------------------------------------------------------------------------------------------------------------------------------------------------------------------------------------------------------------------------------------------------------------------------------------+-----------------+


+-----------------------------------------------------------------------------------------------------------------------------------------------------------------------------------------------------------------------------------------------------------------------------------------------------------------------------------------------------------------------------------------------+
; Registers Removed During Synthesis                                                                                                                                                                                                                                                                                                                                                            ;
+-----------------------------------------------------------------------------------------------------------------------------------------------------------------------------------------+-----------------------------------------------------------------------------------------------------------------------------------------------------------------------------------------------------+
; Register name                                                                                                                                                                           ; Reason for Removal                                                                                                                                                                                  ;
+-----------------------------------------------------------------------------------------------------------------------------------------------------------------------------------------+-----------------------------------------------------------------------------------------------------------------------------------------------------------------------------------------------------+
; Ifetch:IFE|pc_q[1]                                                                                                                                                                      ; Merged with Ifetch:IFE|pc_plus4_q[1]                                                                                                                                                                ;
; Ifetch:IFE|pc_q[0]                                                                                                                                                                      ; Merged with Ifetch:IFE|pc_plus4_q[0]                                                                                                                                                                ;
; Ifetch:IFE|if_id_pc_plus4_q[1]                                                                                                                                                          ; Merged with Ifetch:IFE|if_id_pc_q[1]                                                                                                                                                                ;
; Ifetch:IFE|if_id_pc_plus4_q[0]                                                                                                                                                          ; Merged with Ifetch:IFE|if_id_pc_q[0]                                                                                                                                                                ;
; Idecode:ID|id_ex_MemtoReg_q                                                                                                                                                             ; Merged with Idecode:ID|id_ex_MemRead_q                                                                                                                                                              ;
; Execute:EXE|ex_mem_pc_plus4_q[0]                                                                                                                                                        ; Merged with Execute:EXE|ex_mem_addr_gen_q[0]                                                                                                                                                        ;
; Idecode:ID|id_ex_pc_q[1]                                                                                                                                                                ; Merged with Idecode:ID|id_ex_pc_plus4_q[1]                                                                                                                                                          ;
; Idecode:ID|id_ex_pc_q[0]                                                                                                                                                                ; Merged with Idecode:ID|id_ex_pc_plus4_q[0]                                                                                                                                                          ;
; Idecode:ID|RF_q[0][0]                                                                                                                                                                   ; Stuck at GND due to stuck port clock_enable                                                                                                                                                         ;
; Idecode:ID|RF_q[0][1]                                                                                                                                                                   ; Stuck at GND due to stuck port clock_enable                                                                                                                                                         ;
; Idecode:ID|RF_q[0][2]                                                                                                                                                                   ; Stuck at GND due to stuck port clock_enable                                                                                                                                                         ;
; Idecode:ID|RF_q[0][3]                                                                                                                                                                   ; Stuck at GND due to stuck port clock_enable                                                                                                                                                         ;
; Idecode:ID|RF_q[0][4]                                                                                                                                                                   ; Stuck at GND due to stuck port clock_enable                                                                                                                                                         ;
; Idecode:ID|RF_q[0][5]                                                                                                                                                                   ; Stuck at GND due to stuck port clock_enable                                                                                                                                                         ;
; Idecode:ID|RF_q[0][6]                                                                                                                                                                   ; Stuck at GND due to stuck port clock_enable                                                                                                                                                         ;
; Idecode:ID|RF_q[0][7]                                                                                                                                                                   ; Stuck at GND due to stuck port clock_enable                                                                                                                                                         ;
; Idecode:ID|RF_q[0][8]                                                                                                                                                                   ; Stuck at GND due to stuck port clock_enable                                                                                                                                                         ;
; Idecode:ID|RF_q[0][9]                                                                                                                                                                   ; Stuck at GND due to stuck port clock_enable                                                                                                                                                         ;
; Idecode:ID|RF_q[0][10]                                                                                                                                                                  ; Stuck at GND due to stuck port clock_enable                                                                                                                                                         ;
; Idecode:ID|RF_q[0][11]                                                                                                                                                                  ; Stuck at GND due to stuck port clock_enable                                                                                                                                                         ;
; Idecode:ID|RF_q[0][12]                                                                                                                                                                  ; Stuck at GND due to stuck port clock_enable                                                                                                                                                         ;
; Idecode:ID|RF_q[0][13]                                                                                                                                                                  ; Stuck at GND due to stuck port clock_enable                                                                                                                                                         ;
; Idecode:ID|RF_q[0][14]                                                                                                                                                                  ; Stuck at GND due to stuck port clock_enable                                                                                                                                                         ;
; Idecode:ID|RF_q[0][15]                                                                                                                                                                  ; Stuck at GND due to stuck port clock_enable                                                                                                                                                         ;
; Idecode:ID|RF_q[0][16]                                                                                                                                                                  ; Stuck at GND due to stuck port clock_enable                                                                                                                                                         ;
; Idecode:ID|RF_q[0][17]                                                                                                                                                                  ; Stuck at GND due to stuck port clock_enable                                                                                                                                                         ;
; Idecode:ID|RF_q[0][18]                                                                                                                                                                  ; Stuck at GND due to stuck port clock_enable                                                                                                                                                         ;
; Idecode:ID|RF_q[0][19]                                                                                                                                                                  ; Stuck at GND due to stuck port clock_enable                                                                                                                                                         ;
; Idecode:ID|RF_q[0][20]                                                                                                                                                                  ; Stuck at GND due to stuck port clock_enable                                                                                                                                                         ;
; Idecode:ID|RF_q[0][21]                                                                                                                                                                  ; Stuck at GND due to stuck port clock_enable                                                                                                                                                         ;
; Idecode:ID|RF_q[0][22]                                                                                                                                                                  ; Stuck at GND due to stuck port clock_enable                                                                                                                                                         ;
; Idecode:ID|RF_q[0][23]                                                                                                                                                                  ; Stuck at GND due to stuck port clock_enable                                                                                                                                                         ;
; Idecode:ID|RF_q[0][24]                                                                                                                                                                  ; Stuck at GND due to stuck port clock_enable                                                                                                                                                         ;
; Idecode:ID|RF_q[0][25]                                                                                                                                                                  ; Stuck at GND due to stuck port clock_enable                                                                                                                                                         ;
; Idecode:ID|RF_q[0][26]                                                                                                                                                                  ; Stuck at GND due to stuck port clock_enable                                                                                                                                                         ;
; Idecode:ID|RF_q[0][27]                                                                                                                                                                  ; Stuck at GND due to stuck port clock_enable                                                                                                                                                         ;
; Idecode:ID|RF_q[0][28]                                                                                                                                                                  ; Stuck at GND due to stuck port clock_enable                                                                                                                                                         ;
; Idecode:ID|RF_q[0][29]                                                                                                                                                                  ; Stuck at GND due to stuck port clock_enable                                                                                                                                                         ;
; Idecode:ID|RF_q[0][30]                                                                                                                                                                  ; Stuck at GND due to stuck port clock_enable                                                                                                                                                         ;
; Idecode:ID|RF_q[0][31]                                                                                                                                                                  ; Stuck at GND due to stuck port clock_enable                                                                                                                                                         ;
; Total Number of Removed Registers = 40                                                                                                                                                  ;                                                                                                                                                                                                     ;
; sld_signaltap:auto_signaltap_0|sld_signaltap_impl:sld_signaltap_body|sld_signaltap_implb:sld_signaltap_body|segment_shift_clk_ena                                                       ; Merged with sld_signaltap:auto_signaltap_0|sld_signaltap_impl:sld_signaltap_body|sld_signaltap_implb:sld_signaltap_body|buffer_write_enable_delayed                                                 ;
; sld_signaltap:auto_signaltap_0|sld_signaltap_impl:sld_signaltap_body|sld_signaltap_implb:sld_signaltap_body|sld_buffer_manager:sld_buffer_manager_inst|\buffer_manager:offset_count[0]  ; Merged with sld_signaltap:auto_signaltap_0|sld_signaltap_impl:sld_signaltap_body|sld_signaltap_implb:sld_signaltap_body|sld_buffer_manager:sld_buffer_manager_inst|\buffer_manager:next_address[0]  ;
; sld_signaltap:auto_signaltap_0|sld_signaltap_impl:sld_signaltap_body|sld_signaltap_implb:sld_signaltap_body|sld_buffer_manager:sld_buffer_manager_inst|\buffer_manager:offset_count[1]  ; Merged with sld_signaltap:auto_signaltap_0|sld_signaltap_impl:sld_signaltap_body|sld_signaltap_implb:sld_signaltap_body|sld_buffer_manager:sld_buffer_manager_inst|\buffer_manager:next_address[1]  ;
; sld_signaltap:auto_signaltap_0|sld_signaltap_impl:sld_signaltap_body|sld_signaltap_implb:sld_signaltap_body|sld_buffer_manager:sld_buffer_manager_inst|\buffer_manager:offset_count[2]  ; Merged with sld_signaltap:auto_signaltap_0|sld_signaltap_impl:sld_signaltap_body|sld_signaltap_implb:sld_signaltap_body|sld_buffer_manager:sld_buffer_manager_inst|\buffer_manager:next_address[2]  ;
; sld_signaltap:auto_signaltap_0|sld_signaltap_impl:sld_signaltap_body|sld_signaltap_implb:sld_signaltap_body|sld_buffer_manager:sld_buffer_manager_inst|\buffer_manager:offset_count[3]  ; Merged with sld_signaltap:auto_signaltap_0|sld_signaltap_impl:sld_signaltap_body|sld_signaltap_implb:sld_signaltap_body|sld_buffer_manager:sld_buffer_manager_inst|\buffer_manager:next_address[3]  ;
; sld_signaltap:auto_signaltap_0|sld_signaltap_impl:sld_signaltap_body|sld_signaltap_implb:sld_signaltap_body|sld_buffer_manager:sld_buffer_manager_inst|\buffer_manager:offset_count[4]  ; Merged with sld_signaltap:auto_signaltap_0|sld_signaltap_impl:sld_signaltap_body|sld_signaltap_implb:sld_signaltap_body|sld_buffer_manager:sld_buffer_manager_inst|\buffer_manager:next_address[4]  ;
; sld_signaltap:auto_signaltap_0|sld_signaltap_impl:sld_signaltap_body|sld_signaltap_implb:sld_signaltap_body|sld_buffer_manager:sld_buffer_manager_inst|\buffer_manager:offset_count[5]  ; Merged with sld_signaltap:auto_signaltap_0|sld_signaltap_impl:sld_signaltap_body|sld_signaltap_implb:sld_signaltap_body|sld_buffer_manager:sld_buffer_manager_inst|\buffer_manager:next_address[5]  ;
; sld_signaltap:auto_signaltap_0|sld_signaltap_impl:sld_signaltap_body|sld_signaltap_implb:sld_signaltap_body|sld_buffer_manager:sld_buffer_manager_inst|\buffer_manager:offset_count[6]  ; Merged with sld_signaltap:auto_signaltap_0|sld_signaltap_impl:sld_signaltap_body|sld_signaltap_implb:sld_signaltap_body|sld_buffer_manager:sld_buffer_manager_inst|\buffer_manager:next_address[6]  ;
; sld_signaltap:auto_signaltap_0|sld_signaltap_impl:sld_signaltap_body|sld_signaltap_implb:sld_signaltap_body|sld_buffer_manager:sld_buffer_manager_inst|\buffer_manager:offset_count[7]  ; Merged with sld_signaltap:auto_signaltap_0|sld_signaltap_impl:sld_signaltap_body|sld_signaltap_implb:sld_signaltap_body|sld_buffer_manager:sld_buffer_manager_inst|\buffer_manager:next_address[7]  ;
; sld_signaltap:auto_signaltap_0|sld_signaltap_impl:sld_signaltap_body|sld_signaltap_implb:sld_signaltap_body|sld_buffer_manager:sld_buffer_manager_inst|\buffer_manager:offset_count[8]  ; Merged with sld_signaltap:auto_signaltap_0|sld_signaltap_impl:sld_signaltap_body|sld_signaltap_implb:sld_signaltap_body|sld_buffer_manager:sld_buffer_manager_inst|\buffer_manager:next_address[8]  ;
; sld_signaltap:auto_signaltap_0|sld_signaltap_impl:sld_signaltap_body|sld_signaltap_implb:sld_signaltap_body|sld_buffer_manager:sld_buffer_manager_inst|\buffer_manager:offset_count[9]  ; Merged with sld_signaltap:auto_signaltap_0|sld_signaltap_impl:sld_signaltap_body|sld_signaltap_implb:sld_signaltap_body|sld_buffer_manager:sld_buffer_manager_inst|\buffer_manager:next_address[9]  ;
; sld_signaltap:auto_signaltap_0|sld_signaltap_impl:sld_signaltap_body|sld_signaltap_implb:sld_signaltap_body|sld_buffer_manager:sld_buffer_manager_inst|\buffer_manager:offset_count[10] ; Merged with sld_signaltap:auto_signaltap_0|sld_signaltap_impl:sld_signaltap_body|sld_signaltap_implb:sld_signaltap_body|sld_buffer_manager:sld_buffer_manager_inst|\buffer_manager:next_address[10] ;
; sld_signaltap:auto_signaltap_0|sld_signaltap_impl:sld_signaltap_body|sld_signaltap_implb:sld_signaltap_body|sld_buffer_manager:sld_buffer_manager_inst|\buffer_manager:offset_count[11] ; Merged with sld_signaltap:auto_signaltap_0|sld_signaltap_impl:sld_signaltap_body|sld_signaltap_implb:sld_signaltap_body|sld_buffer_manager:sld_buffer_manager_inst|\buffer_manager:next_address[11] ;
; sld_signaltap:auto_signaltap_0|sld_signaltap_impl:sld_signaltap_body|sld_signaltap_implb:sld_signaltap_body|current_offset_delayed[0]                                                   ; Merged with sld_signaltap:auto_signaltap_0|sld_signaltap_impl:sld_signaltap_body|sld_signaltap_implb:sld_signaltap_body|buffer_write_address_delayed[0]                                             ;
; sld_signaltap:auto_signaltap_0|sld_signaltap_impl:sld_signaltap_body|sld_signaltap_implb:sld_signaltap_body|current_offset_delayed[1]                                                   ; Merged with sld_signaltap:auto_signaltap_0|sld_signaltap_impl:sld_signaltap_body|sld_signaltap_implb:sld_signaltap_body|buffer_write_address_delayed[1]                                             ;
; sld_signaltap:auto_signaltap_0|sld_signaltap_impl:sld_signaltap_body|sld_signaltap_implb:sld_signaltap_body|current_offset_delayed[2]                                                   ; Merged with sld_signaltap:auto_signaltap_0|sld_signaltap_impl:sld_signaltap_body|sld_signaltap_implb:sld_signaltap_body|buffer_write_address_delayed[2]                                             ;
; sld_signaltap:auto_signaltap_0|sld_signaltap_impl:sld_signaltap_body|sld_signaltap_implb:sld_signaltap_body|current_offset_delayed[3]                                                   ; Merged with sld_signaltap:auto_signaltap_0|sld_signaltap_impl:sld_signaltap_body|sld_signaltap_implb:sld_signaltap_body|buffer_write_address_delayed[3]                                             ;
; sld_signaltap:auto_signaltap_0|sld_signaltap_impl:sld_signaltap_body|sld_signaltap_implb:sld_signaltap_body|current_offset_delayed[4]                                                   ; Merged with sld_signaltap:auto_signaltap_0|sld_signaltap_impl:sld_signaltap_body|sld_signaltap_implb:sld_signaltap_body|buffer_write_address_delayed[4]                                             ;
; sld_signaltap:auto_signaltap_0|sld_signaltap_impl:sld_signaltap_body|sld_signaltap_implb:sld_signaltap_body|current_offset_delayed[5]                                                   ; Merged with sld_signaltap:auto_signaltap_0|sld_signaltap_impl:sld_signaltap_body|sld_signaltap_implb:sld_signaltap_body|buffer_write_address_delayed[5]                                             ;
; sld_signaltap:auto_signaltap_0|sld_signaltap_impl:sld_signaltap_body|sld_signaltap_implb:sld_signaltap_body|current_offset_delayed[6]                                                   ; Merged with sld_signaltap:auto_signaltap_0|sld_signaltap_impl:sld_signaltap_body|sld_signaltap_implb:sld_signaltap_body|buffer_write_address_delayed[6]                                             ;
; sld_signaltap:auto_signaltap_0|sld_signaltap_impl:sld_signaltap_body|sld_signaltap_implb:sld_signaltap_body|current_offset_delayed[7]                                                   ; Merged with sld_signaltap:auto_signaltap_0|sld_signaltap_impl:sld_signaltap_body|sld_signaltap_implb:sld_signaltap_body|buffer_write_address_delayed[7]                                             ;
; sld_signaltap:auto_signaltap_0|sld_signaltap_impl:sld_signaltap_body|sld_signaltap_implb:sld_signaltap_body|current_offset_delayed[8]                                                   ; Merged with sld_signaltap:auto_signaltap_0|sld_signaltap_impl:sld_signaltap_body|sld_signaltap_implb:sld_signaltap_body|buffer_write_address_delayed[8]                                             ;
; sld_signaltap:auto_signaltap_0|sld_signaltap_impl:sld_signaltap_body|sld_signaltap_implb:sld_signaltap_body|current_offset_delayed[9]                                                   ; Merged with sld_signaltap:auto_signaltap_0|sld_signaltap_impl:sld_signaltap_body|sld_signaltap_implb:sld_signaltap_body|buffer_write_address_delayed[9]                                             ;
; sld_signaltap:auto_signaltap_0|sld_signaltap_impl:sld_signaltap_body|sld_signaltap_implb:sld_signaltap_body|current_offset_delayed[10]                                                  ; Merged with sld_signaltap:auto_signaltap_0|sld_signaltap_impl:sld_signaltap_body|sld_signaltap_implb:sld_signaltap_body|buffer_write_address_delayed[10]                                            ;
; sld_signaltap:auto_signaltap_0|sld_signaltap_impl:sld_signaltap_body|sld_signaltap_implb:sld_signaltap_body|current_offset_delayed[11]                                                  ; Merged with sld_signaltap:auto_signaltap_0|sld_signaltap_impl:sld_signaltap_body|sld_signaltap_implb:sld_signaltap_body|buffer_write_address_delayed[11]                                            ;
; sld_signaltap:auto_signaltap_0|sld_signaltap_impl:sld_signaltap_body|sld_signaltap_implb:sld_signaltap_body|serial_crc_16:\tdo_crc_gen:tdo_crc_calc|lfsr[13..15]                        ; Stuck at GND due to stuck port data_in                                                                                                                                                              ;
; Total Number of Removed Registers = 28                                                                                                                                                  ;                                                                                                                                                                                                     ;
+-----------------------------------------------------------------------------------------------------------------------------------------------------------------------------------------+-----------------------------------------------------------------------------------------------------------------------------------------------------------------------------------------------------+


+----------------------------------------------------------------------------------------------------------------------------------------------------------------------------------------------------------------------------------------------------------------------------------------------------------------------------------------------------------+
; Removed Registers Triggering Further Register Optimizations                                                                                                                                                                                                                                                                                              ;
+--------------------------------------------------------------------------------------------------------------------------------------------------------------+---------------------------+---------------------------------------------------------------------------------------------------------------------------------------------------------------+
; Register name                                                                                                                                                ; Reason for Removal        ; Registers Removed due to This Register                                                                                                                        ;
+--------------------------------------------------------------------------------------------------------------------------------------------------------------+---------------------------+---------------------------------------------------------------------------------------------------------------------------------------------------------------+
; sld_signaltap:auto_signaltap_0|sld_signaltap_impl:sld_signaltap_body|sld_signaltap_implb:sld_signaltap_body|serial_crc_16:\tdo_crc_gen:tdo_crc_calc|lfsr[15] ; Stuck at GND              ; sld_signaltap:auto_signaltap_0|sld_signaltap_impl:sld_signaltap_body|sld_signaltap_implb:sld_signaltap_body|serial_crc_16:\tdo_crc_gen:tdo_crc_calc|lfsr[14], ;
;                                                                                                                                                              ; due to stuck port data_in ; sld_signaltap:auto_signaltap_0|sld_signaltap_impl:sld_signaltap_body|sld_signaltap_implb:sld_signaltap_body|serial_crc_16:\tdo_crc_gen:tdo_crc_calc|lfsr[13]  ;
+--------------------------------------------------------------------------------------------------------------------------------------------------------------+---------------------------+---------------------------------------------------------------------------------------------------------------------------------------------------------------+


+------------------------------------------------------+
; General Register Statistics                          ;
+----------------------------------------------+-------+
; Statistic                                    ; Value ;
+----------------------------------------------+-------+
; Total registers                              ; 2712  ;
; Number of registers using Synchronous Clear  ; 163   ;
; Number of registers using Synchronous Load   ; 158   ;
; Number of registers using Asynchronous Clear ; 1825  ;
; Number of registers using Asynchronous Load  ; 0     ;
; Number of registers using Clock Enable       ; 1522  ;
; Number of registers using Preset             ; 0     ;
+----------------------------------------------+-------+


+-------------------------------------------------------------------------------------------------------------------------------------------------------------------------------------------------------------------------------------------------------------------------------------------------------------------------------------------+
; Inverted Register Statistics                                                                                                                                                                                                                                                                                                              ;
+---------------------------------------------------------------------------------------------------------------------------------------------------------------------------------------------------------------------------------------------------------------------------------------------------------------------------------+---------+
; Inverted Register                                                                                                                                                                                                                                                                                                               ; Fan out ;
+---------------------------------------------------------------------------------------------------------------------------------------------------------------------------------------------------------------------------------------------------------------------------------------------------------------------------------+---------+
; Ifetch:IFE|if_id_instruction_q[0]                                                                                                                                                                                                                                                                                               ; 32      ;
; Ifetch:IFE|if_id_instruction_q[1]                                                                                                                                                                                                                                                                                               ; 32      ;
; Ifetch:IFE|if_id_instruction_q[4]                                                                                                                                                                                                                                                                                               ; 25      ;
; Ifetch:IFE|rst_q                                                                                                                                                                                                                                                                                                                ; 23      ;
; sld_hub:auto_hub|alt_sld_fab_with_jtag_input:\instrumentation_fabric_with_node_gen:fabric_gen_new_way:with_jtag_input_gen:instrumentation_fabric|alt_sld_fab:instrumentation_fabric|alt_sld_fab_alt_sld_fab:alt_sld_fab|alt_sld_fab_alt_sld_fab_sldfabric:sldfabric|sld_jtag_hub:\jtag_hub_gen:real_sld_jtag_hub|jtag_ir_reg[2] ; 2       ;
; sld_hub:auto_hub|alt_sld_fab_with_jtag_input:\instrumentation_fabric_with_node_gen:fabric_gen_new_way:with_jtag_input_gen:instrumentation_fabric|alt_sld_fab:instrumentation_fabric|alt_sld_fab_alt_sld_fab:alt_sld_fab|alt_sld_fab_alt_sld_fab_sldfabric:sldfabric|sld_jtag_hub:\jtag_hub_gen:real_sld_jtag_hub|jtag_ir_reg[1] ; 3       ;
; sld_signaltap:auto_signaltap_0|sld_signaltap_impl:sld_signaltap_body|sld_signaltap_implb:sld_signaltap_body|sld_buffer_manager:sld_buffer_manager_inst|modified_post_count[1]                                                                                                                                                   ; 1       ;
; sld_signaltap:auto_signaltap_0|sld_signaltap_impl:sld_signaltap_body|sld_signaltap_implb:sld_signaltap_body|sld_buffer_manager:sld_buffer_manager_inst|modified_post_count[2]                                                                                                                                                   ; 1       ;
; sld_signaltap:auto_signaltap_0|sld_signaltap_impl:sld_signaltap_body|sld_signaltap_implb:sld_signaltap_body|sld_buffer_manager:sld_buffer_manager_inst|modified_post_count[3]                                                                                                                                                   ; 1       ;
; sld_signaltap:auto_signaltap_0|sld_signaltap_impl:sld_signaltap_body|sld_signaltap_implb:sld_signaltap_body|sld_buffer_manager:sld_buffer_manager_inst|modified_post_count[4]                                                                                                                                                   ; 1       ;
; sld_signaltap:auto_signaltap_0|sld_signaltap_impl:sld_signaltap_body|sld_signaltap_implb:sld_signaltap_body|sld_buffer_manager:sld_buffer_manager_inst|modified_post_count[5]                                                                                                                                                   ; 1       ;
; sld_signaltap:auto_signaltap_0|sld_signaltap_impl:sld_signaltap_body|sld_signaltap_implb:sld_signaltap_body|sld_buffer_manager:sld_buffer_manager_inst|modified_post_count[6]                                                                                                                                                   ; 1       ;
; sld_signaltap:auto_signaltap_0|sld_signaltap_impl:sld_signaltap_body|sld_signaltap_implb:sld_signaltap_body|sld_buffer_manager:sld_buffer_manager_inst|modified_post_count[7]                                                                                                                                                   ; 1       ;
; sld_signaltap:auto_signaltap_0|sld_signaltap_impl:sld_signaltap_body|sld_signaltap_implb:sld_signaltap_body|sld_buffer_manager:sld_buffer_manager_inst|modified_post_count[8]                                                                                                                                                   ; 1       ;
; sld_signaltap:auto_signaltap_0|sld_signaltap_impl:sld_signaltap_body|sld_signaltap_implb:sld_signaltap_body|sld_buffer_manager:sld_buffer_manager_inst|modified_post_count[9]                                                                                                                                                   ; 1       ;
; sld_signaltap:auto_signaltap_0|sld_signaltap_impl:sld_signaltap_body|sld_signaltap_implb:sld_signaltap_body|sld_buffer_manager:sld_buffer_manager_inst|modified_post_count[10]                                                                                                                                                  ; 1       ;
; sld_signaltap:auto_signaltap_0|sld_signaltap_impl:sld_signaltap_body|sld_signaltap_implb:sld_signaltap_body|sld_buffer_manager:sld_buffer_manager_inst|modified_post_count[11]                                                                                                                                                  ; 1       ;
; sld_signaltap:auto_signaltap_0|sld_signaltap_impl:sld_signaltap_body|sld_signaltap_implb:sld_signaltap_body|sld_buffer_manager:sld_buffer_manager_inst|modified_post_count[12]                                                                                                                                                  ; 1       ;
; sld_signaltap:auto_signaltap_0|sld_signaltap_impl:sld_signaltap_body|sld_signaltap_implb:sld_signaltap_body|sld_buffer_manager:sld_buffer_manager_inst|modified_post_count[0]                                                                                                                                                   ; 1       ;
; Total number of inverted registers = 19                                                                                                                                                                                                                                                                                         ;         ;
+---------------------------------------------------------------------------------------------------------------------------------------------------------------------------------------------------------------------------------------------------------------------------------------------------------------------------------+---------+


+------------------------------------------------------------------------------------------------------------------------------------------------------------------------------------------------------------------------------------------------------------------------------------------------------------------------------------------------------------------------------------------------------------------------------------------------------------------------------------------+
; Multiplexer Restructuring Statistics (Restructuring Performed)                                                                                                                                                                                                                                                                                                                                                                                                                           ;
+--------------------+-----------+---------------+----------------------+------------------------+------------+----------------------------------------------------------------------------------------------------------------------------------------------------------------------------------------------------------------------------------------------------------------------------------------------------------------------------------------------------------------------------+
; Multiplexer Inputs ; Bus Width ; Baseline Area ; Area if Restructured ; Saving if Restructured ; Registered ; Example Multiplexer Output                                                                                                                                                                                                                                                                                                                                                 ;
+--------------------+-----------+---------------+----------------------+------------------------+------------+----------------------------------------------------------------------------------------------------------------------------------------------------------------------------------------------------------------------------------------------------------------------------------------------------------------------------------------------------------------------------+
; 3:1                ; 6 bits    ; 12 LEs        ; 6 LEs                ; 6 LEs                  ; Yes        ; |RV32IM_PIPE_CORE|Ifetch:IFE|altsyncram:inst_memory|altsyncram_ccv3:auto_generated|sld_mod_ram_rom:mgl_prim2|ram_rom_data_shift_cntr_reg[5]                                                                                                                                                                                                                                ;
; 3:1                ; 32 bits   ; 64 LEs        ; 32 LEs               ; 32 LEs                 ; Yes        ; |RV32IM_PIPE_CORE|Ifetch:IFE|altsyncram:inst_memory|altsyncram_ccv3:auto_generated|sld_mod_ram_rom:mgl_prim2|ram_rom_data_reg[5]                                                                                                                                                                                                                                           ;
; 3:1                ; 6 bits    ; 12 LEs        ; 6 LEs                ; 6 LEs                  ; Yes        ; |RV32IM_PIPE_CORE|dmemory:MEM|altsyncram:data_memory|altsyncram_gf14:auto_generated|sld_mod_ram_rom:mgl_prim2|ram_rom_data_shift_cntr_reg[5]                                                                                                                                                                                                                               ;
; 3:1                ; 32 bits   ; 64 LEs        ; 32 LEs               ; 32 LEs                 ; Yes        ; |RV32IM_PIPE_CORE|dmemory:MEM|altsyncram:data_memory|altsyncram_gf14:auto_generated|sld_mod_ram_rom:mgl_prim2|ram_rom_data_reg[27]                                                                                                                                                                                                                                         ;
; 3:1                ; 11 bits   ; 22 LEs        ; 11 LEs               ; 11 LEs                 ; Yes        ; |RV32IM_PIPE_CORE|dmemory:MEM|altsyncram:data_memory|altsyncram_gf14:auto_generated|sld_mod_ram_rom:mgl_prim2|ram_rom_addr_reg[1]                                                                                                                                                                                                                                          ;
; 3:1                ; 11 bits   ; 22 LEs        ; 11 LEs               ; 11 LEs                 ; Yes        ; |RV32IM_PIPE_CORE|Ifetch:IFE|altsyncram:inst_memory|altsyncram_ccv3:auto_generated|sld_mod_ram_rom:mgl_prim2|ram_rom_addr_reg[8]                                                                                                                                                                                                                                           ;
; 3:1                ; 53 bits   ; 106 LEs       ; 53 LEs               ; 53 LEs                 ; Yes        ; |RV32IM_PIPE_CORE|Ifetch:IFE|if_id_instruction_q[26]                                                                                                                                                                                                                                                                                                                       ;
; 4:1                ; 5 bits    ; 10 LEs        ; 5 LEs                ; 5 LEs                  ; Yes        ; |RV32IM_PIPE_CORE|Ifetch:IFE|altsyncram:inst_memory|altsyncram_ccv3:auto_generated|sld_mod_ram_rom:mgl_prim2|sld_rom_sr:\ram_rom_logic_gen:name_gen:info_rom_sr|word_counter[4]                                                                                                                                                                                            ;
; 4:1                ; 5 bits    ; 10 LEs        ; 5 LEs                ; 5 LEs                  ; Yes        ; |RV32IM_PIPE_CORE|dmemory:MEM|altsyncram:data_memory|altsyncram_gf14:auto_generated|sld_mod_ram_rom:mgl_prim2|sld_rom_sr:\ram_rom_logic_gen:name_gen:info_rom_sr|word_counter[0]                                                                                                                                                                                           ;
; 5:1                ; 12 bits   ; 36 LEs        ; 36 LEs               ; 0 LEs                  ; Yes        ; |RV32IM_PIPE_CORE|Idecode:ID|id_ex_sign_ext_q[28]                                                                                                                                                                                                                                                                                                                          ;
; 4:1                ; 2 bits    ; 4 LEs         ; 4 LEs                ; 0 LEs                  ; Yes        ; |RV32IM_PIPE_CORE|Ifetch:IFE|pc_plus4_q[0]                                                                                                                                                                                                                                                                                                                                 ;
; 7:1                ; 11 bits   ; 44 LEs        ; 44 LEs               ; 0 LEs                  ; Yes        ; |RV32IM_PIPE_CORE|Idecode:ID|id_ex_sign_ext_q[7]                                                                                                                                                                                                                                                                                                                           ;
; 34:1               ; 32 bits   ; 704 LEs       ; 704 LEs              ; 0 LEs                  ; Yes        ; |RV32IM_PIPE_CORE|Idecode:ID|id_ex_read_data1_q[24]                                                                                                                                                                                                                                                                                                                        ;
; 34:1               ; 32 bits   ; 704 LEs       ; 704 LEs              ; 0 LEs                  ; Yes        ; |RV32IM_PIPE_CORE|Idecode:ID|id_ex_read_data2_q[17]                                                                                                                                                                                                                                                                                                                        ;
; 26:1               ; 4 bits    ; 68 LEs        ; 48 LEs               ; 20 LEs                 ; Yes        ; |RV32IM_PIPE_CORE|Ifetch:IFE|altsyncram:inst_memory|altsyncram_ccv3:auto_generated|sld_mod_ram_rom:mgl_prim2|sld_rom_sr:\ram_rom_logic_gen:name_gen:info_rom_sr|WORD_SR[1]                                                                                                                                                                                                 ;
; 26:1               ; 4 bits    ; 68 LEs        ; 44 LEs               ; 24 LEs                 ; Yes        ; |RV32IM_PIPE_CORE|dmemory:MEM|altsyncram:data_memory|altsyncram_gf14:auto_generated|sld_mod_ram_rom:mgl_prim2|sld_rom_sr:\ram_rom_logic_gen:name_gen:info_rom_sr|WORD_SR[0]                                                                                                                                                                                                ;
; 10:1               ; 7 bits    ; 42 LEs        ; 21 LEs               ; 21 LEs                 ; Yes        ; |RV32IM_PIPE_CORE|Idecode:ID|id_ex_sign_ext_q[17]                                                                                                                                                                                                                                                                                                                          ;
; 36:1               ; 8 bits    ; 192 LEs       ; 56 LEs               ; 136 LEs                ; Yes        ; |RV32IM_PIPE_CORE|Execute:EXE|ex_mem_alu_res_q[8]                                                                                                                                                                                                                                                                                                                          ;
; 36:1               ; 8 bits    ; 192 LEs       ; 56 LEs               ; 136 LEs                ; Yes        ; |RV32IM_PIPE_CORE|Execute:EXE|ex_mem_alu_res_q[17]                                                                                                                                                                                                                                                                                                                         ;
; 38:1               ; 3 bits    ; 75 LEs        ; 27 LEs               ; 48 LEs                 ; Yes        ; |RV32IM_PIPE_CORE|Execute:EXE|ex_mem_alu_res_q[4]                                                                                                                                                                                                                                                                                                                          ;
; 38:1               ; 4 bits    ; 100 LEs       ; 32 LEs               ; 68 LEs                 ; Yes        ; |RV32IM_PIPE_CORE|Execute:EXE|ex_mem_alu_res_q[24]                                                                                                                                                                                                                                                                                                                         ;
; 40:1               ; 2 bits    ; 52 LEs        ; 20 LEs               ; 32 LEs                 ; Yes        ; |RV32IM_PIPE_CORE|Execute:EXE|ex_mem_alu_res_q[3]                                                                                                                                                                                                                                                                                                                          ;
; 40:1               ; 2 bits    ; 52 LEs        ; 20 LEs               ; 32 LEs                 ; Yes        ; |RV32IM_PIPE_CORE|Execute:EXE|ex_mem_alu_res_q[28]                                                                                                                                                                                                                                                                                                                         ;
; 16:1               ; 2 bits    ; 20 LEs        ; 18 LEs               ; 2 LEs                  ; Yes        ; |RV32IM_PIPE_CORE|Idecode:ID|id_ex_ALUOp_q[2]                                                                                                                                                                                                                                                                                                                              ;
; 3:1                ; 3 bits    ; 6 LEs         ; 3 LEs                ; 3 LEs                  ; Yes        ; |RV32IM_PIPE_CORE|Ifetch:IFE|if_id_instruction_q[0]                                                                                                                                                                                                                                                                                                                        ;
; 3:1                ; 20 bits   ; 40 LEs        ; 20 LEs               ; 20 LEs                 ; No         ; |RV32IM_PIPE_CORE|Idecode:ID|Mux64                                                                                                                                                                                                                                                                                                                                         ;
; 3:1                ; 12 bits   ; 24 LEs        ; 12 LEs               ; 12 LEs                 ; No         ; |RV32IM_PIPE_CORE|Idecode:ID|Mux64                                                                                                                                                                                                                                                                                                                                         ;
; 3:1                ; 6 bits    ; 12 LEs        ; 6 LEs                ; 6 LEs                  ; No         ; |RV32IM_PIPE_CORE|Idecode:ID|Mux64                                                                                                                                                                                                                                                                                                                                         ;
; 4:1                ; 32 bits   ; 64 LEs        ; 64 LEs               ; 0 LEs                  ; No         ; |RV32IM_PIPE_CORE|Execute:EXE|Mux48                                                                                                                                                                                                                                                                                                                                        ;
; 3:1                ; 8 bits    ; 16 LEs        ; 8 LEs                ; 8 LEs                  ; No         ; |RV32IM_PIPE_CORE|Execute:EXE|Mux249                                                                                                                                                                                                                                                                                                                                       ;
; 3:1                ; 8 bits    ; 16 LEs        ; 16 LEs               ; 0 LEs                  ; No         ; |RV32IM_PIPE_CORE|Execute:EXE|Mux242                                                                                                                                                                                                                                                                                                                                       ;
; 3:1                ; 8 bits    ; 16 LEs        ; 8 LEs                ; 8 LEs                  ; No         ; |RV32IM_PIPE_CORE|Execute:EXE|Mux354                                                                                                                                                                                                                                                                                                                                       ;
; 3:1                ; 8 bits    ; 16 LEs        ; 16 LEs               ; 0 LEs                  ; No         ; |RV32IM_PIPE_CORE|Execute:EXE|Mux365                                                                                                                                                                                                                                                                                                                                       ;
; 3:1                ; 4 bits    ; 8 LEs         ; 4 LEs                ; 4 LEs                  ; No         ; |RV32IM_PIPE_CORE|Execute:EXE|Mux223                                                                                                                                                                                                                                                                                                                                       ;
; 3:1                ; 20 bits   ; 40 LEs        ; 40 LEs               ; 0 LEs                  ; No         ; |RV32IM_PIPE_CORE|Execute:EXE|Mux210                                                                                                                                                                                                                                                                                                                                       ;
; 3:1                ; 4 bits    ; 8 LEs         ; 4 LEs                ; 4 LEs                  ; No         ; |RV32IM_PIPE_CORE|Execute:EXE|Mux323                                                                                                                                                                                                                                                                                                                                       ;
; 3:1                ; 20 bits   ; 40 LEs        ; 40 LEs               ; 0 LEs                  ; No         ; |RV32IM_PIPE_CORE|Execute:EXE|Mux331                                                                                                                                                                                                                                                                                                                                       ;
; 3:1                ; 2 bits    ; 4 LEs         ; 2 LEs                ; 2 LEs                  ; No         ; |RV32IM_PIPE_CORE|Execute:EXE|Mux192                                                                                                                                                                                                                                                                                                                                       ;
; 3:1                ; 26 bits   ; 52 LEs        ; 52 LEs               ; 0 LEs                  ; No         ; |RV32IM_PIPE_CORE|Execute:EXE|Mux170                                                                                                                                                                                                                                                                                                                                       ;
; 3:1                ; 2 bits    ; 4 LEs         ; 2 LEs                ; 2 LEs                  ; No         ; |RV32IM_PIPE_CORE|Execute:EXE|Mux290                                                                                                                                                                                                                                                                                                                                       ;
; 3:1                ; 26 bits   ; 52 LEs        ; 52 LEs               ; 0 LEs                  ; No         ; |RV32IM_PIPE_CORE|Execute:EXE|Mux316                                                                                                                                                                                                                                                                                                                                       ;
; 3:1                ; 29 bits   ; 58 LEs        ; 58 LEs               ; 0 LEs                  ; No         ; |RV32IM_PIPE_CORE|Execute:EXE|Mux137                                                                                                                                                                                                                                                                                                                                       ;
; 3:1                ; 29 bits   ; 58 LEs        ; 58 LEs               ; 0 LEs                  ; No         ; |RV32IM_PIPE_CORE|Execute:EXE|Mux286                                                                                                                                                                                                                                                                                                                                       ;
; 3:1                ; 19 bits   ; 38 LEs        ; 38 LEs               ; 0 LEs                  ; No         ; |RV32IM_PIPE_CORE|Idecode:ID|wb_write_data_o[29]                                                                                                                                                                                                                                                                                                                           ;
; 3:1                ; 13 bits   ; 26 LEs        ; 26 LEs               ; 0 LEs                  ; No         ; |RV32IM_PIPE_CORE|Idecode:ID|wb_write_data_o[1]                                                                                                                                                                                                                                                                                                                            ;
; 4:1                ; 5 bits    ; 10 LEs        ; 5 LEs                ; 5 LEs                  ; No         ; |RV32IM_PIPE_CORE|Idecode:ID|Mux64                                                                                                                                                                                                                                                                                                                                         ;
; 4:1                ; 5 bits    ; 10 LEs        ; 5 LEs                ; 5 LEs                  ; No         ; |RV32IM_PIPE_CORE|Idecode:ID|Mux64                                                                                                                                                                                                                                                                                                                                         ;
; 5:1                ; 19 bits   ; 57 LEs        ; 38 LEs               ; 19 LEs                 ; No         ; |RV32IM_PIPE_CORE|Execute:EXE|Mux79                                                                                                                                                                                                                                                                                                                                        ;
; 5:1                ; 11 bits   ; 33 LEs        ; 33 LEs               ; 0 LEs                  ; No         ; |RV32IM_PIPE_CORE|Ifetch:IFE|itcm_addr_w[10]                                                                                                                                                                                                                                                                                                                               ;
; 7:1                ; 13 bits   ; 52 LEs        ; 39 LEs               ; 13 LEs                 ; No         ; |RV32IM_PIPE_CORE|Execute:EXE|Mux95                                                                                                                                                                                                                                                                                                                                        ;
; 3:1                ; 3 bits    ; 6 LEs         ; 3 LEs                ; 3 LEs                  ; Yes        ; |RV32IM_PIPE_CORE|sld_signaltap:auto_signaltap_0|sld_signaltap_impl:sld_signaltap_body|sld_signaltap_implb:sld_signaltap_body|tdo_crc_val_shift_reg[13]                                                                                                                                                                                                                    ;
; 3:1                ; 13 bits   ; 26 LEs        ; 13 LEs               ; 13 LEs                 ; Yes        ; |RV32IM_PIPE_CORE|sld_signaltap:auto_signaltap_0|sld_signaltap_impl:sld_signaltap_body|sld_signaltap_implb:sld_signaltap_body|tdo_crc_val_shift_reg[7]                                                                                                                                                                                                                     ;
; 3:1                ; 13 bits   ; 26 LEs        ; 13 LEs               ; 13 LEs                 ; Yes        ; |RV32IM_PIPE_CORE|sld_signaltap:auto_signaltap_0|sld_signaltap_impl:sld_signaltap_body|sld_signaltap_implb:sld_signaltap_body|serial_crc_16:\tdo_crc_gen:tdo_crc_calc|lfsr[0]                                                                                                                                                                                              ;
; 4:1                ; 32 bits   ; 64 LEs        ; 64 LEs               ; 0 LEs                  ; Yes        ; |RV32IM_PIPE_CORE|sld_signaltap:auto_signaltap_0|sld_signaltap_impl:sld_signaltap_body|sld_signaltap_implb:sld_signaltap_body|tdo_crc_len_reg[11]                                                                                                                                                                                                                          ;
; 4:1                ; 4 bits    ; 8 LEs         ; 4 LEs                ; 4 LEs                  ; Yes        ; |RV32IM_PIPE_CORE|sld_signaltap:auto_signaltap_0|sld_signaltap_impl:sld_signaltap_body|sld_signaltap_implb:sld_signaltap_body|sld_rom_sr:crc_rom_sr|word_counter[3]                                                                                                                                                                                                        ;
; 4:1                ; 13 bits   ; 26 LEs        ; 26 LEs               ; 0 LEs                  ; Yes        ; |RV32IM_PIPE_CORE|sld_signaltap:auto_signaltap_0|sld_signaltap_impl:sld_signaltap_body|sld_signaltap_implb:sld_signaltap_body|sld_buffer_manager:sld_buffer_manager_inst|counter[12]                                                                                                                                                                                       ;
; 12:1               ; 4 bits    ; 32 LEs        ; 24 LEs               ; 8 LEs                  ; Yes        ; |RV32IM_PIPE_CORE|sld_signaltap:auto_signaltap_0|sld_signaltap_impl:sld_signaltap_body|sld_signaltap_implb:sld_signaltap_body|sld_rom_sr:crc_rom_sr|WORD_SR[1]                                                                                                                                                                                                             ;
; 3:1                ; 12 bits   ; 24 LEs        ; 12 LEs               ; 12 LEs                 ; No         ; |RV32IM_PIPE_CORE|sld_signaltap:auto_signaltap_0|sld_signaltap_impl:sld_signaltap_body|sld_signaltap_implb:sld_signaltap_body|sld_buffer_manager:sld_buffer_manager_inst|offset_count                                                                                                                                                                                      ;
; 3:1                ; 8 bits    ; 16 LEs        ; 8 LEs                ; 8 LEs                  ; Yes        ; |RV32IM_PIPE_CORE|sld_hub:auto_hub|alt_sld_fab_with_jtag_input:\instrumentation_fabric_with_node_gen:fabric_gen_new_way:with_jtag_input_gen:instrumentation_fabric|alt_sld_fab:instrumentation_fabric|alt_sld_fab_alt_sld_fab:alt_sld_fab|alt_sld_fab_alt_sld_fab_sldfabric:sldfabric|sld_jtag_hub:\jtag_hub_gen:real_sld_jtag_hub|shadow_irf_reg[1][1]                    ;
; 3:1                ; 8 bits    ; 16 LEs        ; 8 LEs                ; 8 LEs                  ; Yes        ; |RV32IM_PIPE_CORE|sld_hub:auto_hub|alt_sld_fab_with_jtag_input:\instrumentation_fabric_with_node_gen:fabric_gen_new_way:with_jtag_input_gen:instrumentation_fabric|alt_sld_fab:instrumentation_fabric|alt_sld_fab_alt_sld_fab:alt_sld_fab|alt_sld_fab_alt_sld_fab_sldfabric:sldfabric|sld_jtag_hub:\jtag_hub_gen:real_sld_jtag_hub|shadow_irf_reg[2][3]                    ;
; 3:1                ; 10 bits   ; 20 LEs        ; 10 LEs               ; 10 LEs                 ; Yes        ; |RV32IM_PIPE_CORE|sld_hub:auto_hub|alt_sld_fab_with_jtag_input:\instrumentation_fabric_with_node_gen:fabric_gen_new_way:with_jtag_input_gen:instrumentation_fabric|alt_sld_fab:instrumentation_fabric|alt_sld_fab_alt_sld_fab:alt_sld_fab|alt_sld_fab_alt_sld_fab_sldfabric:sldfabric|sld_jtag_hub:\jtag_hub_gen:real_sld_jtag_hub|shadow_irf_reg[3][6]                    ;
; 3:1                ; 4 bits    ; 8 LEs         ; 4 LEs                ; 4 LEs                  ; Yes        ; |RV32IM_PIPE_CORE|sld_hub:auto_hub|alt_sld_fab_with_jtag_input:\instrumentation_fabric_with_node_gen:fabric_gen_new_way:with_jtag_input_gen:instrumentation_fabric|alt_sld_fab:instrumentation_fabric|alt_sld_fab_alt_sld_fab:alt_sld_fab|alt_sld_fab_alt_sld_fab_sldfabric:sldfabric|sld_jtag_hub:\jtag_hub_gen:real_sld_jtag_hub|hub_minor_ver_reg[3]                    ;
; 3:1                ; 8 bits    ; 16 LEs        ; 8 LEs                ; 8 LEs                  ; Yes        ; |RV32IM_PIPE_CORE|sld_hub:auto_hub|alt_sld_fab_with_jtag_input:\instrumentation_fabric_with_node_gen:fabric_gen_new_way:with_jtag_input_gen:instrumentation_fabric|alt_sld_fab:instrumentation_fabric|alt_sld_fab_alt_sld_fab:alt_sld_fab|alt_sld_fab_alt_sld_fab_sldfabric:sldfabric|sld_jtag_hub:\jtag_hub_gen:real_sld_jtag_hub|irf_reg[1][7]                           ;
; 3:1                ; 8 bits    ; 16 LEs        ; 8 LEs                ; 8 LEs                  ; Yes        ; |RV32IM_PIPE_CORE|sld_hub:auto_hub|alt_sld_fab_with_jtag_input:\instrumentation_fabric_with_node_gen:fabric_gen_new_way:with_jtag_input_gen:instrumentation_fabric|alt_sld_fab:instrumentation_fabric|alt_sld_fab_alt_sld_fab:alt_sld_fab|alt_sld_fab_alt_sld_fab_sldfabric:sldfabric|sld_jtag_hub:\jtag_hub_gen:real_sld_jtag_hub|irf_reg[2][7]                           ;
; 3:1                ; 10 bits   ; 20 LEs        ; 10 LEs               ; 10 LEs                 ; Yes        ; |RV32IM_PIPE_CORE|sld_hub:auto_hub|alt_sld_fab_with_jtag_input:\instrumentation_fabric_with_node_gen:fabric_gen_new_way:with_jtag_input_gen:instrumentation_fabric|alt_sld_fab:instrumentation_fabric|alt_sld_fab_alt_sld_fab:alt_sld_fab|alt_sld_fab_alt_sld_fab_sldfabric:sldfabric|sld_jtag_hub:\jtag_hub_gen:real_sld_jtag_hub|irf_reg[3][9]                           ;
; 4:1                ; 6 bits    ; 12 LEs        ; 6 LEs                ; 6 LEs                  ; Yes        ; |RV32IM_PIPE_CORE|sld_hub:auto_hub|alt_sld_fab_with_jtag_input:\instrumentation_fabric_with_node_gen:fabric_gen_new_way:with_jtag_input_gen:instrumentation_fabric|alt_sld_fab:instrumentation_fabric|alt_sld_fab_alt_sld_fab:alt_sld_fab|alt_sld_fab_alt_sld_fab_sldfabric:sldfabric|sld_jtag_hub:\jtag_hub_gen:real_sld_jtag_hub|sld_rom_sr:hub_info_reg|word_counter[0] ;
; 4:1                ; 5 bits    ; 10 LEs        ; 5 LEs                ; 5 LEs                  ; Yes        ; |RV32IM_PIPE_CORE|sld_hub:auto_hub|alt_sld_fab_with_jtag_input:\instrumentation_fabric_with_node_gen:fabric_gen_new_way:with_jtag_input_gen:instrumentation_fabric|alt_sld_fab:instrumentation_fabric|alt_sld_fab_alt_sld_fab:alt_sld_fab|alt_sld_fab_alt_sld_fab_sldfabric:sldfabric|sld_jtag_hub:\jtag_hub_gen:real_sld_jtag_hub|mixer_addr_reg_internal[2]              ;
; 8:1                ; 2 bits    ; 10 LEs        ; 4 LEs                ; 6 LEs                  ; Yes        ; |RV32IM_PIPE_CORE|sld_hub:auto_hub|alt_sld_fab_with_jtag_input:\instrumentation_fabric_with_node_gen:fabric_gen_new_way:with_jtag_input_gen:instrumentation_fabric|alt_sld_fab:instrumentation_fabric|alt_sld_fab_alt_sld_fab:alt_sld_fab|alt_sld_fab_alt_sld_fab_sldfabric:sldfabric|sld_jtag_hub:\jtag_hub_gen:real_sld_jtag_hub|irsr_reg[8]                             ;
; 8:1                ; 8 bits    ; 40 LEs        ; 16 LEs               ; 24 LEs                 ; Yes        ; |RV32IM_PIPE_CORE|sld_hub:auto_hub|alt_sld_fab_with_jtag_input:\instrumentation_fabric_with_node_gen:fabric_gen_new_way:with_jtag_input_gen:instrumentation_fabric|alt_sld_fab:instrumentation_fabric|alt_sld_fab_alt_sld_fab:alt_sld_fab|alt_sld_fab_alt_sld_fab_sldfabric:sldfabric|sld_jtag_hub:\jtag_hub_gen:real_sld_jtag_hub|irsr_reg[6]                             ;
; 34:1               ; 4 bits    ; 88 LEs        ; 56 LEs               ; 32 LEs                 ; Yes        ; |RV32IM_PIPE_CORE|sld_hub:auto_hub|alt_sld_fab_with_jtag_input:\instrumentation_fabric_with_node_gen:fabric_gen_new_way:with_jtag_input_gen:instrumentation_fabric|alt_sld_fab:instrumentation_fabric|alt_sld_fab_alt_sld_fab:alt_sld_fab|alt_sld_fab_alt_sld_fab_sldfabric:sldfabric|sld_jtag_hub:\jtag_hub_gen:real_sld_jtag_hub|design_hash_reg[1]                      ;
; 36:1               ; 4 bits    ; 96 LEs        ; 56 LEs               ; 40 LEs                 ; Yes        ; |RV32IM_PIPE_CORE|sld_hub:auto_hub|alt_sld_fab_with_jtag_input:\instrumentation_fabric_with_node_gen:fabric_gen_new_way:with_jtag_input_gen:instrumentation_fabric|alt_sld_fab:instrumentation_fabric|alt_sld_fab_alt_sld_fab:alt_sld_fab|alt_sld_fab_alt_sld_fab_sldfabric:sldfabric|sld_jtag_hub:\jtag_hub_gen:real_sld_jtag_hub|sld_rom_sr:hub_info_reg|WORD_SR[0]      ;
+--------------------+-----------+---------------+----------------------+------------------------+------------+----------------------------------------------------------------------------------------------------------------------------------------------------------------------------------------------------------------------------------------------------------------------------------------------------------------------------------------------------------------------------+


+---------------------------------------------------------------------------------------------------------------------+
; Source assignments for Ifetch:IFE|altsyncram:inst_memory|altsyncram_ccv3:auto_generated|altsyncram_gmt2:altsyncram1 ;
+---------------------------------+--------------------+------+-------------------------------------------------------+
; Assignment                      ; Value              ; From ; To                                                    ;
+---------------------------------+--------------------+------+-------------------------------------------------------+
; OPTIMIZE_POWER_DURING_SYNTHESIS ; NORMAL_COMPILATION ; -    ; -                                                     ;
+---------------------------------+--------------------+------+-------------------------------------------------------+


+----------------------------------------------------------------------------------------------------------------------+
; Source assignments for dmemory:MEM|altsyncram:data_memory|altsyncram_gf14:auto_generated|altsyncram_1vu2:altsyncram1 ;
+---------------------------------+--------------------+------+--------------------------------------------------------+
; Assignment                      ; Value              ; From ; To                                                     ;
+---------------------------------+--------------------+------+--------------------------------------------------------+
; OPTIMIZE_POWER_DURING_SYNTHESIS ; NORMAL_COMPILATION ; -    ; -                                                      ;
+---------------------------------+--------------------+------+--------------------------------------------------------+


+-------------------------------------------------------+
; Source assignments for sld_signaltap:auto_signaltap_0 ;
+-----------------+-------+------+----------------------+
; Assignment      ; Value ; From ; To                   ;
+-----------------+-------+------+----------------------+
; MESSAGE_DISABLE ; 13410 ; -    ; -                    ;
+-----------------+-------+------+----------------------+


+----------------------------------------------------------------------------------+
; Parameter Settings for User Entity Instance: Top-level Entity: |RV32IM_PIPE_CORE ;
+------------------+-------+-------------------------------------------------------+
; Parameter Name   ; Value ; Type                                                  ;
+------------------+-------+-------------------------------------------------------+
; WORD_GRANULARITY ; true  ; Enumerated                                            ;
; MODELSIM         ; 0     ; Signed Integer                                        ;
; DATA_BUS_WIDTH   ; 32    ; Signed Integer                                        ;
; ITCM_ADDR_WIDTH  ; 11    ; Signed Integer                                        ;
; DTCM_ADDR_WIDTH  ; 11    ; Signed Integer                                        ;
; PC_WIDTH         ; 13    ; Signed Integer                                        ;
; MA_WIDTH         ; 13    ; Signed Integer                                        ;
; DATA_WORDS_NUM   ; 2048  ; Signed Integer                                        ;
; CLK_CNT_WIDTH    ; 16    ; Signed Integer                                        ;
; STCNT_WIDTH      ; 8     ; Signed Integer                                        ;
; FHCNT_WIDTH      ; 8     ; Signed Integer                                        ;
; BP_ADDR_WIDTH    ; 8     ; Signed Integer                                        ;
+------------------+-------+-------------------------------------------------------+
Note: In order to hide this table in the UI and the text report file, please set the "Show Parameter Settings in Synthesis Report" option in "Analysis and Synthesis Settings -> More Settings" to "Off".


+-----------------------------------------------------------------------------------+
; Parameter Settings for User Entity Instance: PLL:\G0:MCLK|altpll:altpll_component ;
+-------------------------------+-----------------------+---------------------------+
; Parameter Name                ; Value                 ; Type                      ;
+-------------------------------+-----------------------+---------------------------+
; OPERATION_MODE                ; NORMAL                ; Untyped                   ;
; PLL_TYPE                      ; AUTO                  ; Untyped                   ;
; LPM_HINT                      ; CBX_MODULE_PREFIX=PLL ; Untyped                   ;
; QUALIFY_CONF_DONE             ; OFF                   ; Untyped                   ;
; COMPENSATE_CLOCK              ; CLK0                  ; Untyped                   ;
; SCAN_CHAIN                    ; LONG                  ; Untyped                   ;
; PRIMARY_CLOCK                 ; INCLK0                ; Untyped                   ;
; INCLK0_INPUT_FREQUENCY        ; 20000                 ; Signed Integer            ;
; INCLK1_INPUT_FREQUENCY        ; 0                     ; Untyped                   ;
; GATE_LOCK_SIGNAL              ; NO                    ; Untyped                   ;
; GATE_LOCK_COUNTER             ; 0                     ; Untyped                   ;
; LOCK_HIGH                     ; 1                     ; Untyped                   ;
; LOCK_LOW                      ; 1                     ; Untyped                   ;
; VALID_LOCK_MULTIPLIER         ; 1                     ; Signed Integer            ;
; INVALID_LOCK_MULTIPLIER       ; 5                     ; Signed Integer            ;
; SWITCH_OVER_ON_LOSSCLK        ; OFF                   ; Untyped                   ;
; SWITCH_OVER_ON_GATED_LOCK     ; OFF                   ; Untyped                   ;
; ENABLE_SWITCH_OVER_COUNTER    ; OFF                   ; Untyped                   ;
; SKIP_VCO                      ; OFF                   ; Untyped                   ;
; SWITCH_OVER_COUNTER           ; 0                     ; Untyped                   ;
; SWITCH_OVER_TYPE              ; AUTO                  ; Untyped                   ;
; FEEDBACK_SOURCE               ; EXTCLK0               ; Untyped                   ;
; BANDWIDTH                     ; 0                     ; Untyped                   ;
; BANDWIDTH_TYPE                ; AUTO                  ; Untyped                   ;
; SPREAD_FREQUENCY              ; 0                     ; Untyped                   ;
; DOWN_SPREAD                   ; 0                     ; Untyped                   ;
; SELF_RESET_ON_GATED_LOSS_LOCK ; OFF                   ; Untyped                   ;
; SELF_RESET_ON_LOSS_LOCK       ; OFF                   ; Untyped                   ;
; CLK9_MULTIPLY_BY              ; 0                     ; Untyped                   ;
; CLK8_MULTIPLY_BY              ; 0                     ; Untyped                   ;
; CLK7_MULTIPLY_BY              ; 0                     ; Untyped                   ;
; CLK6_MULTIPLY_BY              ; 0                     ; Untyped                   ;
; CLK5_MULTIPLY_BY              ; 1                     ; Untyped                   ;
; CLK4_MULTIPLY_BY              ; 1                     ; Untyped                   ;
; CLK3_MULTIPLY_BY              ; 1                     ; Untyped                   ;
; CLK2_MULTIPLY_BY              ; 1                     ; Untyped                   ;
; CLK1_MULTIPLY_BY              ; 1                     ; Untyped                   ;
; CLK0_MULTIPLY_BY              ; 1                     ; Signed Integer            ;
; CLK9_DIVIDE_BY                ; 0                     ; Untyped                   ;
; CLK8_DIVIDE_BY                ; 0                     ; Untyped                   ;
; CLK7_DIVIDE_BY                ; 0                     ; Untyped                   ;
; CLK6_DIVIDE_BY                ; 0                     ; Untyped                   ;
; CLK5_DIVIDE_BY                ; 1                     ; Untyped                   ;
; CLK4_DIVIDE_BY                ; 1                     ; Untyped                   ;
; CLK3_DIVIDE_BY                ; 1                     ; Untyped                   ;
; CLK2_DIVIDE_BY                ; 1                     ; Untyped                   ;
; CLK1_DIVIDE_BY                ; 1                     ; Untyped                   ;
; CLK0_DIVIDE_BY                ; 2                     ; Signed Integer            ;
; CLK9_PHASE_SHIFT              ; 0                     ; Untyped                   ;
; CLK8_PHASE_SHIFT              ; 0                     ; Untyped                   ;
; CLK7_PHASE_SHIFT              ; 0                     ; Untyped                   ;
; CLK6_PHASE_SHIFT              ; 0                     ; Untyped                   ;
; CLK5_PHASE_SHIFT              ; 0                     ; Untyped                   ;
; CLK4_PHASE_SHIFT              ; 0                     ; Untyped                   ;
; CLK3_PHASE_SHIFT              ; 0                     ; Untyped                   ;
; CLK2_PHASE_SHIFT              ; 0                     ; Untyped                   ;
; CLK1_PHASE_SHIFT              ; 0                     ; Untyped                   ;
; CLK0_PHASE_SHIFT              ; 0                     ; Untyped                   ;
; CLK5_TIME_DELAY               ; 0                     ; Untyped                   ;
; CLK4_TIME_DELAY               ; 0                     ; Untyped                   ;
; CLK3_TIME_DELAY               ; 0                     ; Untyped                   ;
; CLK2_TIME_DELAY               ; 0                     ; Untyped                   ;
; CLK1_TIME_DELAY               ; 0                     ; Untyped                   ;
; CLK0_TIME_DELAY               ; 0                     ; Untyped                   ;
; CLK9_DUTY_CYCLE               ; 50                    ; Untyped                   ;
; CLK8_DUTY_CYCLE               ; 50                    ; Untyped                   ;
; CLK7_DUTY_CYCLE               ; 50                    ; Untyped                   ;
; CLK6_DUTY_CYCLE               ; 50                    ; Untyped                   ;
; CLK5_DUTY_CYCLE               ; 50                    ; Untyped                   ;
; CLK4_DUTY_CYCLE               ; 50                    ; Untyped                   ;
; CLK3_DUTY_CYCLE               ; 50                    ; Untyped                   ;
; CLK2_DUTY_CYCLE               ; 50                    ; Untyped                   ;
; CLK1_DUTY_CYCLE               ; 50                    ; Untyped                   ;
; CLK0_DUTY_CYCLE               ; 50                    ; Signed Integer            ;
; CLK9_USE_EVEN_COUNTER_MODE    ; OFF                   ; Untyped                   ;
; CLK8_USE_EVEN_COUNTER_MODE    ; OFF                   ; Untyped                   ;
; CLK7_USE_EVEN_COUNTER_MODE    ; OFF                   ; Untyped                   ;
; CLK6_USE_EVEN_COUNTER_MODE    ; OFF                   ; Untyped                   ;
; CLK5_USE_EVEN_COUNTER_MODE    ; OFF                   ; Untyped                   ;
; CLK4_USE_EVEN_COUNTER_MODE    ; OFF                   ; Untyped                   ;
; CLK3_USE_EVEN_COUNTER_MODE    ; OFF                   ; Untyped                   ;
; CLK2_USE_EVEN_COUNTER_MODE    ; OFF                   ; Untyped                   ;
; CLK1_USE_EVEN_COUNTER_MODE    ; OFF                   ; Untyped                   ;
; CLK0_USE_EVEN_COUNTER_MODE    ; OFF                   ; Untyped                   ;
; CLK9_USE_EVEN_COUNTER_VALUE   ; OFF                   ; Untyped                   ;
; CLK8_USE_EVEN_COUNTER_VALUE   ; OFF                   ; Untyped                   ;
; CLK7_USE_EVEN_COUNTER_VALUE   ; OFF                   ; Untyped                   ;
; CLK6_USE_EVEN_COUNTER_VALUE   ; OFF                   ; Untyped                   ;
; CLK5_USE_EVEN_COUNTER_VALUE   ; OFF                   ; Untyped                   ;
; CLK4_USE_EVEN_COUNTER_VALUE   ; OFF                   ; Untyped                   ;
; CLK3_USE_EVEN_COUNTER_VALUE   ; OFF                   ; Untyped                   ;
; CLK2_USE_EVEN_COUNTER_VALUE   ; OFF                   ; Untyped                   ;
; CLK1_USE_EVEN_COUNTER_VALUE   ; OFF                   ; Untyped                   ;
; CLK0_USE_EVEN_COUNTER_VALUE   ; OFF                   ; Untyped                   ;
; LOCK_WINDOW_UI                ;  0.05                 ; Untyped                   ;
; LOCK_WINDOW_UI_BITS           ; UNUSED                ; Untyped                   ;
; VCO_RANGE_DETECTOR_LOW_BITS   ; UNUSED                ; Untyped                   ;
; VCO_RANGE_DETECTOR_HIGH_BITS  ; UNUSED                ; Untyped                   ;
; DPA_MULTIPLY_BY               ; 0                     ; Untyped                   ;
; DPA_DIVIDE_BY                 ; 1                     ; Untyped                   ;
; DPA_DIVIDER                   ; 0                     ; Untyped                   ;
; EXTCLK3_MULTIPLY_BY           ; 1                     ; Untyped                   ;
; EXTCLK2_MULTIPLY_BY           ; 1                     ; Untyped                   ;
; EXTCLK1_MULTIPLY_BY           ; 1                     ; Untyped                   ;
; EXTCLK0_MULTIPLY_BY           ; 1                     ; Untyped                   ;
; EXTCLK3_DIVIDE_BY             ; 1                     ; Untyped                   ;
; EXTCLK2_DIVIDE_BY             ; 1                     ; Untyped                   ;
; EXTCLK1_DIVIDE_BY             ; 1                     ; Untyped                   ;
; EXTCLK0_DIVIDE_BY             ; 1                     ; Untyped                   ;
; EXTCLK3_PHASE_SHIFT           ; 0                     ; Untyped                   ;
; EXTCLK2_PHASE_SHIFT           ; 0                     ; Untyped                   ;
; EXTCLK1_PHASE_SHIFT           ; 0                     ; Untyped                   ;
; EXTCLK0_PHASE_SHIFT           ; 0                     ; Untyped                   ;
; EXTCLK3_TIME_DELAY            ; 0                     ; Untyped                   ;
; EXTCLK2_TIME_DELAY            ; 0                     ; Untyped                   ;
; EXTCLK1_TIME_DELAY            ; 0                     ; Untyped                   ;
; EXTCLK0_TIME_DELAY            ; 0                     ; Untyped                   ;
; EXTCLK3_DUTY_CYCLE            ; 50                    ; Untyped                   ;
; EXTCLK2_DUTY_CYCLE            ; 50                    ; Untyped                   ;
; EXTCLK1_DUTY_CYCLE            ; 50                    ; Untyped                   ;
; EXTCLK0_DUTY_CYCLE            ; 50                    ; Untyped                   ;
; VCO_MULTIPLY_BY               ; 0                     ; Untyped                   ;
; VCO_DIVIDE_BY                 ; 0                     ; Untyped                   ;
; SCLKOUT0_PHASE_SHIFT          ; 0                     ; Untyped                   ;
; SCLKOUT1_PHASE_SHIFT          ; 0                     ; Untyped                   ;
; VCO_MIN                       ; 0                     ; Untyped                   ;
; VCO_MAX                       ; 0                     ; Untyped                   ;
; VCO_CENTER                    ; 0                     ; Untyped                   ;
; PFD_MIN                       ; 0                     ; Untyped                   ;
; PFD_MAX                       ; 0                     ; Untyped                   ;
; M_INITIAL                     ; 0                     ; Untyped                   ;
; M                             ; 0                     ; Untyped                   ;
; N                             ; 1                     ; Untyped                   ;
; M2                            ; 1                     ; Untyped                   ;
; N2                            ; 1                     ; Untyped                   ;
; SS                            ; 1                     ; Untyped                   ;
; C0_HIGH                       ; 0                     ; Untyped                   ;
; C1_HIGH                       ; 0                     ; Untyped                   ;
; C2_HIGH                       ; 0                     ; Untyped                   ;
; C3_HIGH                       ; 0                     ; Untyped                   ;
; C4_HIGH                       ; 0                     ; Untyped                   ;
; C5_HIGH                       ; 0                     ; Untyped                   ;
; C6_HIGH                       ; 0                     ; Untyped                   ;
; C7_HIGH                       ; 0                     ; Untyped                   ;
; C8_HIGH                       ; 0                     ; Untyped                   ;
; C9_HIGH                       ; 0                     ; Untyped                   ;
; C0_LOW                        ; 0                     ; Untyped                   ;
; C1_LOW                        ; 0                     ; Untyped                   ;
; C2_LOW                        ; 0                     ; Untyped                   ;
; C3_LOW                        ; 0                     ; Untyped                   ;
; C4_LOW                        ; 0                     ; Untyped                   ;
; C5_LOW                        ; 0                     ; Untyped                   ;
; C6_LOW                        ; 0                     ; Untyped                   ;
; C7_LOW                        ; 0                     ; Untyped                   ;
; C8_LOW                        ; 0                     ; Untyped                   ;
; C9_LOW                        ; 0                     ; Untyped                   ;
; C0_INITIAL                    ; 0                     ; Untyped                   ;
; C1_INITIAL                    ; 0                     ; Untyped                   ;
; C2_INITIAL                    ; 0                     ; Untyped                   ;
; C3_INITIAL                    ; 0                     ; Untyped                   ;
; C4_INITIAL                    ; 0                     ; Untyped                   ;
; C5_INITIAL                    ; 0                     ; Untyped                   ;
; C6_INITIAL                    ; 0                     ; Untyped                   ;
; C7_INITIAL                    ; 0                     ; Untyped                   ;
; C8_INITIAL                    ; 0                     ; Untyped                   ;
; C9_INITIAL                    ; 0                     ; Untyped                   ;
; C0_MODE                       ; BYPASS                ; Untyped                   ;
; C1_MODE                       ; BYPASS                ; Untyped                   ;
; C2_MODE                       ; BYPASS                ; Untyped                   ;
; C3_MODE                       ; BYPASS                ; Untyped                   ;
; C4_MODE                       ; BYPASS                ; Untyped                   ;
; C5_MODE                       ; BYPASS                ; Untyped                   ;
; C6_MODE                       ; BYPASS                ; Untyped                   ;
; C7_MODE                       ; BYPASS                ; Untyped                   ;
; C8_MODE                       ; BYPASS                ; Untyped                   ;
; C9_MODE                       ; BYPASS                ; Untyped                   ;
; C0_PH                         ; 0                     ; Untyped                   ;
; C1_PH                         ; 0                     ; Untyped                   ;
; C2_PH                         ; 0                     ; Untyped                   ;
; C3_PH                         ; 0                     ; Untyped                   ;
; C4_PH                         ; 0                     ; Untyped                   ;
; C5_PH                         ; 0                     ; Untyped                   ;
; C6_PH                         ; 0                     ; Untyped                   ;
; C7_PH                         ; 0                     ; Untyped                   ;
; C8_PH                         ; 0                     ; Untyped                   ;
; C9_PH                         ; 0                     ; Untyped                   ;
; L0_HIGH                       ; 1                     ; Untyped                   ;
; L1_HIGH                       ; 1                     ; Untyped                   ;
; G0_HIGH                       ; 1                     ; Untyped                   ;
; G1_HIGH                       ; 1                     ; Untyped                   ;
; G2_HIGH                       ; 1                     ; Untyped                   ;
; G3_HIGH                       ; 1                     ; Untyped                   ;
; E0_HIGH                       ; 1                     ; Untyped                   ;
; E1_HIGH                       ; 1                     ; Untyped                   ;
; E2_HIGH                       ; 1                     ; Untyped                   ;
; E3_HIGH                       ; 1                     ; Untyped                   ;
; L0_LOW                        ; 1                     ; Untyped                   ;
; L1_LOW                        ; 1                     ; Untyped                   ;
; G0_LOW                        ; 1                     ; Untyped                   ;
; G1_LOW                        ; 1                     ; Untyped                   ;
; G2_LOW                        ; 1                     ; Untyped                   ;
; G3_LOW                        ; 1                     ; Untyped                   ;
; E0_LOW                        ; 1                     ; Untyped                   ;
; E1_LOW                        ; 1                     ; Untyped                   ;
; E2_LOW                        ; 1                     ; Untyped                   ;
; E3_LOW                        ; 1                     ; Untyped                   ;
; L0_INITIAL                    ; 1                     ; Untyped                   ;
; L1_INITIAL                    ; 1                     ; Untyped                   ;
; G0_INITIAL                    ; 1                     ; Untyped                   ;
; G1_INITIAL                    ; 1                     ; Untyped                   ;
; G2_INITIAL                    ; 1                     ; Untyped                   ;
; G3_INITIAL                    ; 1                     ; Untyped                   ;
; E0_INITIAL                    ; 1                     ; Untyped                   ;
; E1_INITIAL                    ; 1                     ; Untyped                   ;
; E2_INITIAL                    ; 1                     ; Untyped                   ;
; E3_INITIAL                    ; 1                     ; Untyped                   ;
; L0_MODE                       ; BYPASS                ; Untyped                   ;
; L1_MODE                       ; BYPASS                ; Untyped                   ;
; G0_MODE                       ; BYPASS                ; Untyped                   ;
; G1_MODE                       ; BYPASS                ; Untyped                   ;
; G2_MODE                       ; BYPASS                ; Untyped                   ;
; G3_MODE                       ; BYPASS                ; Untyped                   ;
; E0_MODE                       ; BYPASS                ; Untyped                   ;
; E1_MODE                       ; BYPASS                ; Untyped                   ;
; E2_MODE                       ; BYPASS                ; Untyped                   ;
; E3_MODE                       ; BYPASS                ; Untyped                   ;
; L0_PH                         ; 0                     ; Untyped                   ;
; L1_PH                         ; 0                     ; Untyped                   ;
; G0_PH                         ; 0                     ; Untyped                   ;
; G1_PH                         ; 0                     ; Untyped                   ;
; G2_PH                         ; 0                     ; Untyped                   ;
; G3_PH                         ; 0                     ; Untyped                   ;
; E0_PH                         ; 0                     ; Untyped                   ;
; E1_PH                         ; 0                     ; Untyped                   ;
; E2_PH                         ; 0                     ; Untyped                   ;
; E3_PH                         ; 0                     ; Untyped                   ;
; M_PH                          ; 0                     ; Untyped                   ;
; C1_USE_CASC_IN                ; OFF                   ; Untyped                   ;
; C2_USE_CASC_IN                ; OFF                   ; Untyped                   ;
; C3_USE_CASC_IN                ; OFF                   ; Untyped                   ;
; C4_USE_CASC_IN                ; OFF                   ; Untyped                   ;
; C5_USE_CASC_IN                ; OFF                   ; Untyped                   ;
; C6_USE_CASC_IN                ; OFF                   ; Untyped                   ;
; C7_USE_CASC_IN                ; OFF                   ; Untyped                   ;
; C8_USE_CASC_IN                ; OFF                   ; Untyped                   ;
; C9_USE_CASC_IN                ; OFF                   ; Untyped                   ;
; CLK0_COUNTER                  ; G0                    ; Untyped                   ;
; CLK1_COUNTER                  ; G0                    ; Untyped                   ;
; CLK2_COUNTER                  ; G0                    ; Untyped                   ;
; CLK3_COUNTER                  ; G0                    ; Untyped                   ;
; CLK4_COUNTER                  ; G0                    ; Untyped                   ;
; CLK5_COUNTER                  ; G0                    ; Untyped                   ;
; CLK6_COUNTER                  ; E0                    ; Untyped                   ;
; CLK7_COUNTER                  ; E1                    ; Untyped                   ;
; CLK8_COUNTER                  ; E2                    ; Untyped                   ;
; CLK9_COUNTER                  ; E3                    ; Untyped                   ;
; L0_TIME_DELAY                 ; 0                     ; Untyped                   ;
; L1_TIME_DELAY                 ; 0                     ; Untyped                   ;
; G0_TIME_DELAY                 ; 0                     ; Untyped                   ;
; G1_TIME_DELAY                 ; 0                     ; Untyped                   ;
; G2_TIME_DELAY                 ; 0                     ; Untyped                   ;
; G3_TIME_DELAY                 ; 0                     ; Untyped                   ;
; E0_TIME_DELAY                 ; 0                     ; Untyped                   ;
; E1_TIME_DELAY                 ; 0                     ; Untyped                   ;
; E2_TIME_DELAY                 ; 0                     ; Untyped                   ;
; E3_TIME_DELAY                 ; 0                     ; Untyped                   ;
; M_TIME_DELAY                  ; 0                     ; Untyped                   ;
; N_TIME_DELAY                  ; 0                     ; Untyped                   ;
; EXTCLK3_COUNTER               ; E3                    ; Untyped                   ;
; EXTCLK2_COUNTER               ; E2                    ; Untyped                   ;
; EXTCLK1_COUNTER               ; E1                    ; Untyped                   ;
; EXTCLK0_COUNTER               ; E0                    ; Untyped                   ;
; ENABLE0_COUNTER               ; L0                    ; Untyped                   ;
; ENABLE1_COUNTER               ; L0                    ; Untyped                   ;
; CHARGE_PUMP_CURRENT           ; 2                     ; Untyped                   ;
; LOOP_FILTER_R                 ;  1.000000             ; Untyped                   ;
; LOOP_FILTER_C                 ; 5                     ; Untyped                   ;
; CHARGE_PUMP_CURRENT_BITS      ; 9999                  ; Untyped                   ;
; LOOP_FILTER_R_BITS            ; 9999                  ; Untyped                   ;
; LOOP_FILTER_C_BITS            ; 9999                  ; Untyped                   ;
; VCO_POST_SCALE                ; 0                     ; Untyped                   ;
; CLK2_OUTPUT_FREQUENCY         ; 0                     ; Untyped                   ;
; CLK1_OUTPUT_FREQUENCY         ; 0                     ; Untyped                   ;
; CLK0_OUTPUT_FREQUENCY         ; 0                     ; Untyped                   ;
; INTENDED_DEVICE_FAMILY        ; Cyclone II            ; Untyped                   ;
; PORT_CLKENA0                  ; PORT_UNUSED           ; Untyped                   ;
; PORT_CLKENA1                  ; PORT_UNUSED           ; Untyped                   ;
; PORT_CLKENA2                  ; PORT_UNUSED           ; Untyped                   ;
; PORT_CLKENA3                  ; PORT_UNUSED           ; Untyped                   ;
; PORT_CLKENA4                  ; PORT_UNUSED           ; Untyped                   ;
; PORT_CLKENA5                  ; PORT_UNUSED           ; Untyped                   ;
; PORT_EXTCLKENA0               ; PORT_CONNECTIVITY     ; Untyped                   ;
; PORT_EXTCLKENA1               ; PORT_CONNECTIVITY     ; Untyped                   ;
; PORT_EXTCLKENA2               ; PORT_CONNECTIVITY     ; Untyped                   ;
; PORT_EXTCLKENA3               ; PORT_CONNECTIVITY     ; Untyped                   ;
; PORT_EXTCLK0                  ; PORT_UNUSED           ; Untyped                   ;
; PORT_EXTCLK1                  ; PORT_UNUSED           ; Untyped                   ;
; PORT_EXTCLK2                  ; PORT_UNUSED           ; Untyped                   ;
; PORT_EXTCLK3                  ; PORT_UNUSED           ; Untyped                   ;
; PORT_CLKBAD0                  ; PORT_UNUSED           ; Untyped                   ;
; PORT_CLKBAD1                  ; PORT_UNUSED           ; Untyped                   ;
; PORT_CLK0                     ; PORT_USED             ; Untyped                   ;
; PORT_CLK1                     ; PORT_UNUSED           ; Untyped                   ;
; PORT_CLK2                     ; PORT_UNUSED           ; Untyped                   ;
; PORT_CLK3                     ; PORT_UNUSED           ; Untyped                   ;
; PORT_CLK4                     ; PORT_UNUSED           ; Untyped                   ;
; PORT_CLK5                     ; PORT_UNUSED           ; Untyped                   ;
; PORT_CLK6                     ; PORT_UNUSED           ; Untyped                   ;
; PORT_CLK7                     ; PORT_UNUSED           ; Untyped                   ;
; PORT_CLK8                     ; PORT_UNUSED           ; Untyped                   ;
; PORT_CLK9                     ; PORT_UNUSED           ; Untyped                   ;
; PORT_SCANDATA                 ; PORT_UNUSED           ; Untyped                   ;
; PORT_SCANDATAOUT              ; PORT_UNUSED           ; Untyped                   ;
; PORT_SCANDONE                 ; PORT_UNUSED           ; Untyped                   ;
; PORT_SCLKOUT1                 ; PORT_CONNECTIVITY     ; Untyped                   ;
; PORT_SCLKOUT0                 ; PORT_CONNECTIVITY     ; Untyped                   ;
; PORT_ACTIVECLOCK              ; PORT_UNUSED           ; Untyped                   ;
; PORT_CLKLOSS                  ; PORT_UNUSED           ; Untyped                   ;
; PORT_INCLK1                   ; PORT_UNUSED           ; Untyped                   ;
; PORT_INCLK0                   ; PORT_USED             ; Untyped                   ;
; PORT_FBIN                     ; PORT_UNUSED           ; Untyped                   ;
; PORT_PLLENA                   ; PORT_UNUSED           ; Untyped                   ;
; PORT_CLKSWITCH                ; PORT_UNUSED           ; Untyped                   ;
; PORT_ARESET                   ; PORT_USED             ; Untyped                   ;
; PORT_PFDENA                   ; PORT_UNUSED           ; Untyped                   ;
; PORT_SCANCLK                  ; PORT_UNUSED           ; Untyped                   ;
; PORT_SCANACLR                 ; PORT_UNUSED           ; Untyped                   ;
; PORT_SCANREAD                 ; PORT_UNUSED           ; Untyped                   ;
; PORT_SCANWRITE                ; PORT_UNUSED           ; Untyped                   ;
; PORT_ENABLE0                  ; PORT_CONNECTIVITY     ; Untyped                   ;
; PORT_ENABLE1                  ; PORT_CONNECTIVITY     ; Untyped                   ;
; PORT_LOCKED                   ; PORT_USED             ; Untyped                   ;
; PORT_CONFIGUPDATE             ; PORT_UNUSED           ; Untyped                   ;
; PORT_FBOUT                    ; PORT_CONNECTIVITY     ; Untyped                   ;
; PORT_PHASEDONE                ; PORT_UNUSED           ; Untyped                   ;
; PORT_PHASESTEP                ; PORT_UNUSED           ; Untyped                   ;
; PORT_PHASEUPDOWN              ; PORT_UNUSED           ; Untyped                   ;
; PORT_SCANCLKENA               ; PORT_UNUSED           ; Untyped                   ;
; PORT_PHASECOUNTERSELECT       ; PORT_UNUSED           ; Untyped                   ;
; PORT_VCOOVERRANGE             ; PORT_CONNECTIVITY     ; Untyped                   ;
; PORT_VCOUNDERRANGE            ; PORT_CONNECTIVITY     ; Untyped                   ;
; M_TEST_SOURCE                 ; 5                     ; Untyped                   ;
; C0_TEST_SOURCE                ; 5                     ; Untyped                   ;
; C1_TEST_SOURCE                ; 5                     ; Untyped                   ;
; C2_TEST_SOURCE                ; 5                     ; Untyped                   ;
; C3_TEST_SOURCE                ; 5                     ; Untyped                   ;
; C4_TEST_SOURCE                ; 5                     ; Untyped                   ;
; C5_TEST_SOURCE                ; 5                     ; Untyped                   ;
; C6_TEST_SOURCE                ; 5                     ; Untyped                   ;
; C7_TEST_SOURCE                ; 5                     ; Untyped                   ;
; C8_TEST_SOURCE                ; 5                     ; Untyped                   ;
; C9_TEST_SOURCE                ; 5                     ; Untyped                   ;
; CBXI_PARAMETER                ; NOTHING               ; Untyped                   ;
; VCO_FREQUENCY_CONTROL         ; AUTO                  ; Untyped                   ;
; VCO_PHASE_SHIFT_STEP          ; 0                     ; Untyped                   ;
; WIDTH_CLOCK                   ; 6                     ; Untyped                   ;
; WIDTH_PHASECOUNTERSELECT      ; 4                     ; Untyped                   ;
; USING_FBMIMICBIDIR_PORT       ; OFF                   ; Untyped                   ;
; DEVICE_FAMILY                 ; Cyclone IV E          ; Untyped                   ;
; SCAN_CHAIN_MIF_FILE           ; UNUSED                ; Untyped                   ;
; SIM_GATE_LOCK_DEVICE_BEHAVIOR ; OFF                   ; Untyped                   ;
; AUTO_CARRY_CHAINS             ; ON                    ; AUTO_CARRY                ;
; IGNORE_CARRY_BUFFERS          ; OFF                   ; IGNORE_CARRY              ;
; AUTO_CASCADE_CHAINS           ; ON                    ; AUTO_CASCADE              ;
; IGNORE_CASCADE_BUFFERS        ; OFF                   ; IGNORE_CASCADE            ;
+-------------------------------+-----------------------+---------------------------+
Note: In order to hide this table in the UI and the text report file, please set the "Show Parameter Settings in Synthesis Report" option in "Analysis and Synthesis Settings -> More Settings" to "Off".


+---------------------------------------------------------+
; Parameter Settings for User Entity Instance: Ifetch:IFE ;
+------------------+-------+------------------------------+
; Parameter Name   ; Value ; Type                         ;
+------------------+-------+------------------------------+
; word_granularity ; true  ; Enumerated                   ;
; data_bus_width   ; 32    ; Signed Integer               ;
; pc_width         ; 13    ; Signed Integer               ;
; itcm_addr_width  ; 11    ; Signed Integer               ;
; words_num        ; 2048  ; Signed Integer               ;
+------------------+-------+------------------------------+
Note: In order to hide this table in the UI and the text report file, please set the "Show Parameter Settings in Synthesis Report" option in "Analysis and Synthesis Settings -> More Settings" to "Off".


+----------------------------------------------------------------------------------------------------+
; Parameter Settings for User Entity Instance: Ifetch:IFE|altsyncram:inst_memory                     ;
+------------------------------------+----------------------------------------------+----------------+
; Parameter Name                     ; Value                                        ; Type           ;
+------------------------------------+----------------------------------------------+----------------+
; BYTE_SIZE_BLOCK                    ; 8                                            ; Untyped        ;
; AUTO_CARRY_CHAINS                  ; ON                                           ; AUTO_CARRY     ;
; IGNORE_CARRY_BUFFERS               ; OFF                                          ; IGNORE_CARRY   ;
; AUTO_CASCADE_CHAINS                ; ON                                           ; AUTO_CASCADE   ;
; IGNORE_CASCADE_BUFFERS             ; OFF                                          ; IGNORE_CASCADE ;
; WIDTH_BYTEENA                      ; 1                                            ; Untyped        ;
; OPERATION_MODE                     ; ROM                                          ; Untyped        ;
; WIDTH_A                            ; 32                                           ; Signed Integer ;
; WIDTHAD_A                          ; 11                                           ; Signed Integer ;
; NUMWORDS_A                         ; 2048                                         ; Signed Integer ;
; OUTDATA_REG_A                      ; UNREGISTERED                                 ; Untyped        ;
; ADDRESS_ACLR_A                     ; NONE                                         ; Untyped        ;
; OUTDATA_ACLR_A                     ; NONE                                         ; Untyped        ;
; WRCONTROL_ACLR_A                   ; NONE                                         ; Untyped        ;
; INDATA_ACLR_A                      ; NONE                                         ; Untyped        ;
; BYTEENA_ACLR_A                     ; NONE                                         ; Untyped        ;
; WIDTH_B                            ; 1                                            ; Signed Integer ;
; WIDTHAD_B                          ; 1                                            ; Signed Integer ;
; NUMWORDS_B                         ; 0                                            ; Signed Integer ;
; INDATA_REG_B                       ; CLOCK1                                       ; Untyped        ;
; WRCONTROL_WRADDRESS_REG_B          ; CLOCK1                                       ; Untyped        ;
; RDCONTROL_REG_B                    ; CLOCK1                                       ; Untyped        ;
; ADDRESS_REG_B                      ; CLOCK1                                       ; Untyped        ;
; OUTDATA_REG_B                      ; UNREGISTERED                                 ; Untyped        ;
; BYTEENA_REG_B                      ; CLOCK1                                       ; Untyped        ;
; INDATA_ACLR_B                      ; NONE                                         ; Untyped        ;
; WRCONTROL_ACLR_B                   ; NONE                                         ; Untyped        ;
; ADDRESS_ACLR_B                     ; NONE                                         ; Untyped        ;
; OUTDATA_ACLR_B                     ; NONE                                         ; Untyped        ;
; RDCONTROL_ACLR_B                   ; NONE                                         ; Untyped        ;
; BYTEENA_ACLR_B                     ; NONE                                         ; Untyped        ;
; WIDTH_BYTEENA_A                    ; 1                                            ; Signed Integer ;
; WIDTH_BYTEENA_B                    ; 1                                            ; Signed Integer ;
; RAM_BLOCK_TYPE                     ; AUTO                                         ; Untyped        ;
; BYTE_SIZE                          ; 8                                            ; Signed Integer ;
; READ_DURING_WRITE_MODE_MIXED_PORTS ; DONT_CARE                                    ; Untyped        ;
; READ_DURING_WRITE_MODE_PORT_A      ; NEW_DATA_NO_NBE_READ                         ; Untyped        ;
; READ_DURING_WRITE_MODE_PORT_B      ; NEW_DATA_NO_NBE_READ                         ; Untyped        ;
; INIT_FILE                          ; C:\TestPrograms\Quartus21_1\app_bin\ITCM.hex ; Untyped        ;
; INIT_FILE_LAYOUT                   ; PORT_A                                       ; Untyped        ;
; MAXIMUM_DEPTH                      ; 0                                            ; Signed Integer ;
; CLOCK_ENABLE_INPUT_A               ; NORMAL                                       ; Untyped        ;
; CLOCK_ENABLE_INPUT_B               ; NORMAL                                       ; Untyped        ;
; CLOCK_ENABLE_OUTPUT_A              ; NORMAL                                       ; Untyped        ;
; CLOCK_ENABLE_OUTPUT_B              ; NORMAL                                       ; Untyped        ;
; CLOCK_ENABLE_CORE_A                ; USE_INPUT_CLKEN                              ; Untyped        ;
; CLOCK_ENABLE_CORE_B                ; USE_INPUT_CLKEN                              ; Untyped        ;
; ENABLE_ECC                         ; FALSE                                        ; Untyped        ;
; ECC_PIPELINE_STAGE_ENABLED         ; FALSE                                        ; Untyped        ;
; WIDTH_ECCSTATUS                    ; 3                                            ; Signed Integer ;
; DEVICE_FAMILY                      ; Cyclone IV E                                 ; Untyped        ;
; CBXI_PARAMETER                     ; altsyncram_ccv3                              ; Untyped        ;
+------------------------------------+----------------------------------------------+----------------+
Note: In order to hide this table in the UI and the text report file, please set the "Show Parameter Settings in Synthesis Report" option in "Analysis and Synthesis Settings -> More Settings" to "Off".


+---------------------------------------------------------+
; Parameter Settings for User Entity Instance: Idecode:ID ;
+----------------+-------+--------------------------------+
; Parameter Name ; Value ; Type                           ;
+----------------+-------+--------------------------------+
; pc_width       ; 13    ; Signed Integer                 ;
; data_bus_width ; 32    ; Signed Integer                 ;
+----------------+-------+--------------------------------+
Note: In order to hide this table in the UI and the text report file, please set the "Show Parameter Settings in Synthesis Report" option in "Analysis and Synthesis Settings -> More Settings" to "Off".


+----------------------------------------------------------+
; Parameter Settings for User Entity Instance: Execute:EXE ;
+----------------+-------+---------------------------------+
; Parameter Name ; Value ; Type                            ;
+----------------+-------+---------------------------------+
; data_bus_width ; 32    ; Signed Integer                  ;
; pc_width       ; 13    ; Signed Integer                  ;
+----------------+-------+---------------------------------+
Note: In order to hide this table in the UI and the text report file, please set the "Show Parameter Settings in Synthesis Report" option in "Analysis and Synthesis Settings -> More Settings" to "Off".


+--------------------------------------------------------------------+
; Parameter Settings for User Entity Instance: Execute:EXE|MUL16:MUL ;
+----------------+-------+-------------------------------------------+
; Parameter Name ; Value ; Type                                      ;
+----------------+-------+-------------------------------------------+
; data_bus_width ; 32    ; Signed Integer                            ;
+----------------+-------+-------------------------------------------+
Note: In order to hide this table in the UI and the text report file, please set the "Show Parameter Settings in Synthesis Report" option in "Analysis and Synthesis Settings -> More Settings" to "Off".


+----------------------------------------------------------+
; Parameter Settings for User Entity Instance: dmemory:MEM ;
+-----------------+-------+--------------------------------+
; Parameter Name  ; Value ; Type                           ;
+-----------------+-------+--------------------------------+
; data_bus_width  ; 32    ; Signed Integer                 ;
; dtcm_addr_width ; 11    ; Signed Integer                 ;
; words_num       ; 2048  ; Signed Integer                 ;
; pc_width        ; 13    ; Signed Integer                 ;
+-----------------+-------+--------------------------------+
Note: In order to hide this table in the UI and the text report file, please set the "Show Parameter Settings in Synthesis Report" option in "Analysis and Synthesis Settings -> More Settings" to "Off".


+----------------------------------------------------------------------------------------------------+
; Parameter Settings for User Entity Instance: dmemory:MEM|altsyncram:data_memory                    ;
+------------------------------------+----------------------------------------------+----------------+
; Parameter Name                     ; Value                                        ; Type           ;
+------------------------------------+----------------------------------------------+----------------+
; BYTE_SIZE_BLOCK                    ; 8                                            ; Untyped        ;
; AUTO_CARRY_CHAINS                  ; ON                                           ; AUTO_CARRY     ;
; IGNORE_CARRY_BUFFERS               ; OFF                                          ; IGNORE_CARRY   ;
; AUTO_CASCADE_CHAINS                ; ON                                           ; AUTO_CASCADE   ;
; IGNORE_CASCADE_BUFFERS             ; OFF                                          ; IGNORE_CASCADE ;
; WIDTH_BYTEENA                      ; 1                                            ; Untyped        ;
; OPERATION_MODE                     ; SINGLE_PORT                                  ; Untyped        ;
; WIDTH_A                            ; 32                                           ; Signed Integer ;
; WIDTHAD_A                          ; 11                                           ; Signed Integer ;
; NUMWORDS_A                         ; 2048                                         ; Signed Integer ;
; OUTDATA_REG_A                      ; UNREGISTERED                                 ; Untyped        ;
; ADDRESS_ACLR_A                     ; NONE                                         ; Untyped        ;
; OUTDATA_ACLR_A                     ; NONE                                         ; Untyped        ;
; WRCONTROL_ACLR_A                   ; NONE                                         ; Untyped        ;
; INDATA_ACLR_A                      ; NONE                                         ; Untyped        ;
; BYTEENA_ACLR_A                     ; NONE                                         ; Untyped        ;
; WIDTH_B                            ; 1                                            ; Signed Integer ;
; WIDTHAD_B                          ; 1                                            ; Signed Integer ;
; NUMWORDS_B                         ; 0                                            ; Signed Integer ;
; INDATA_REG_B                       ; CLOCK1                                       ; Untyped        ;
; WRCONTROL_WRADDRESS_REG_B          ; CLOCK1                                       ; Untyped        ;
; RDCONTROL_REG_B                    ; CLOCK1                                       ; Untyped        ;
; ADDRESS_REG_B                      ; CLOCK1                                       ; Untyped        ;
; OUTDATA_REG_B                      ; UNREGISTERED                                 ; Untyped        ;
; BYTEENA_REG_B                      ; CLOCK1                                       ; Untyped        ;
; INDATA_ACLR_B                      ; NONE                                         ; Untyped        ;
; WRCONTROL_ACLR_B                   ; NONE                                         ; Untyped        ;
; ADDRESS_ACLR_B                     ; NONE                                         ; Untyped        ;
; OUTDATA_ACLR_B                     ; NONE                                         ; Untyped        ;
; RDCONTROL_ACLR_B                   ; NONE                                         ; Untyped        ;
; BYTEENA_ACLR_B                     ; NONE                                         ; Untyped        ;
; WIDTH_BYTEENA_A                    ; 1                                            ; Signed Integer ;
; WIDTH_BYTEENA_B                    ; 1                                            ; Signed Integer ;
; RAM_BLOCK_TYPE                     ; AUTO                                         ; Untyped        ;
; BYTE_SIZE                          ; 8                                            ; Signed Integer ;
; READ_DURING_WRITE_MODE_MIXED_PORTS ; DONT_CARE                                    ; Untyped        ;
; READ_DURING_WRITE_MODE_PORT_A      ; NEW_DATA_NO_NBE_READ                         ; Untyped        ;
; READ_DURING_WRITE_MODE_PORT_B      ; NEW_DATA_NO_NBE_READ                         ; Untyped        ;
; INIT_FILE                          ; C:\TestPrograms\Quartus21_1\app_bin\DTCM.hex ; Untyped        ;
; INIT_FILE_LAYOUT                   ; PORT_A                                       ; Untyped        ;
; MAXIMUM_DEPTH                      ; 0                                            ; Signed Integer ;
; CLOCK_ENABLE_INPUT_A               ; NORMAL                                       ; Untyped        ;
; CLOCK_ENABLE_INPUT_B               ; NORMAL                                       ; Untyped        ;
; CLOCK_ENABLE_OUTPUT_A              ; NORMAL                                       ; Untyped        ;
; CLOCK_ENABLE_OUTPUT_B              ; NORMAL                                       ; Untyped        ;
; CLOCK_ENABLE_CORE_A                ; USE_INPUT_CLKEN                              ; Untyped        ;
; CLOCK_ENABLE_CORE_B                ; USE_INPUT_CLKEN                              ; Untyped        ;
; ENABLE_ECC                         ; FALSE                                        ; Untyped        ;
; ECC_PIPELINE_STAGE_ENABLED         ; FALSE                                        ; Untyped        ;
; WIDTH_ECCSTATUS                    ; 3                                            ; Signed Integer ;
; DEVICE_FAMILY                      ; Cyclone IV E                                 ; Untyped        ;
; CBXI_PARAMETER                     ; altsyncram_gf14                              ; Untyped        ;
+------------------------------------+----------------------------------------------+----------------+
Note: In order to hide this table in the UI and the text report file, please set the "Show Parameter Settings in Synthesis Report" option in "Analysis and Synthesis Settings -> More Settings" to "Off".


+---------------------------------------------------------------------------------------------------------------------------+
; Parameter Settings for Inferred Entity Instance: sld_signaltap:auto_signaltap_0                                           ;
+-------------------------------------------------+--------------------------------------------------------+----------------+
; Parameter Name                                  ; Value                                                  ; Type           ;
+-------------------------------------------------+--------------------------------------------------------+----------------+
; lpm_type                                        ; sld_signaltap                                          ; String         ;
; sld_node_info                                   ; 805334528                                              ; Untyped        ;
; SLD_SECTION_ID                                  ; hdl_signaltap_0                                        ; String         ;
; SLD_IP_VERSION                                  ; 6                                                      ; Signed Integer ;
; SLD_IP_MINOR_VERSION                            ; 0                                                      ; Signed Integer ;
; SLD_COMMON_IP_VERSION                           ; 0                                                      ; Signed Integer ;
; sld_data_bits                                   ; 86                                                     ; Untyped        ;
; sld_trigger_bits                                ; 86                                                     ; Untyped        ;
; SLD_NODE_CRC_BITS                               ; 32                                                     ; Signed Integer ;
; SLD_NODE_CRC_HIWORD                             ; 41394                                                  ; Signed Integer ;
; SLD_NODE_CRC_LOWORD                             ; 50132                                                  ; Signed Integer ;
; sld_incremental_routing                         ; 1                                                      ; Untyped        ;
; sld_sample_depth                                ; 4096                                                   ; Untyped        ;
; sld_segment_size                                ; 4096                                                   ; Untyped        ;
; sld_ram_block_type                              ; AUTO                                                   ; Untyped        ;
; sld_state_bits                                  ; 11                                                     ; Untyped        ;
; sld_buffer_full_stop                            ; 1                                                      ; Untyped        ;
; SLD_MEM_ADDRESS_BITS                            ; 7                                                      ; Signed Integer ;
; SLD_DATA_BIT_CNTR_BITS                          ; 4                                                      ; Signed Integer ;
; sld_trigger_level                               ; 1                                                      ; Untyped        ;
; sld_trigger_in_enabled                          ; 0                                                      ; Untyped        ;
; SLD_HPS_TRIGGER_IN_ENABLED                      ; 0                                                      ; Signed Integer ;
; SLD_HPS_TRIGGER_OUT_ENABLED                     ; 0                                                      ; Signed Integer ;
; SLD_HPS_EVENT_ENABLED                           ; 0                                                      ; Signed Integer ;
; SLD_HPS_EVENT_ID                                ; 0                                                      ; Signed Integer ;
; sld_advanced_trigger_entity                     ; sld_reserved_RV32IM_PIPE_CORE_auto_signaltap_0_1_2111, ; Untyped        ;
; sld_trigger_level_pipeline                      ; 1                                                      ; Untyped        ;
; sld_trigger_pipeline                            ; 0                                                      ; Untyped        ;
; sld_ram_pipeline                                ; 0                                                      ; Untyped        ;
; sld_counter_pipeline                            ; 0                                                      ; Untyped        ;
; sld_enable_advanced_trigger                     ; 1                                                      ; Untyped        ;
; SLD_ADVANCED_TRIGGER_1                          ; NONE                                                   ; String         ;
; SLD_ADVANCED_TRIGGER_2                          ; NONE                                                   ; String         ;
; SLD_ADVANCED_TRIGGER_3                          ; NONE                                                   ; String         ;
; SLD_ADVANCED_TRIGGER_4                          ; NONE                                                   ; String         ;
; SLD_ADVANCED_TRIGGER_5                          ; NONE                                                   ; String         ;
; SLD_ADVANCED_TRIGGER_6                          ; NONE                                                   ; String         ;
; SLD_ADVANCED_TRIGGER_7                          ; NONE                                                   ; String         ;
; SLD_ADVANCED_TRIGGER_8                          ; NONE                                                   ; String         ;
; SLD_ADVANCED_TRIGGER_9                          ; NONE                                                   ; String         ;
; SLD_ADVANCED_TRIGGER_10                         ; NONE                                                   ; String         ;
; sld_inversion_mask_length                       ; 26                                                     ; Untyped        ;
; sld_inversion_mask                              ; 00000000000000000000000000                             ; Untyped        ;
; sld_power_up_trigger                            ; 0                                                      ; Untyped        ;
; SLD_STATE_FLOW_MGR_ENTITY                       ; state_flow_mgr_entity.vhd                              ; String         ;
; sld_state_flow_use_generated                    ; 0                                                      ; Untyped        ;
; sld_current_resource_width                      ; 1                                                      ; Untyped        ;
; sld_attribute_mem_mode                          ; OFF                                                    ; Untyped        ;
; sld_storage_qualifier_bits                      ; 86                                                     ; Untyped        ;
; SLD_STORAGE_QUALIFIER_GAP_RECORD                ; 0                                                      ; Signed Integer ;
; SLD_STORAGE_QUALIFIER_MODE                      ; OFF                                                    ; String         ;
; SLD_STORAGE_QUALIFIER_ENABLE_ADVANCED_CONDITION ; 0                                                      ; Signed Integer ;
; sld_storage_qualifier_inversion_mask_length     ; 0                                                      ; Untyped        ;
; SLD_STORAGE_QUALIFIER_ADVANCED_CONDITION_ENTITY ; basic                                                  ; String         ;
; SLD_STORAGE_QUALIFIER_PIPELINE                  ; 0                                                      ; Signed Integer ;
; SLD_CREATE_MONITOR_INTERFACE                    ; 0                                                      ; Signed Integer ;
; SLD_USE_JTAG_SIGNAL_ADAPTER                     ; 1                                                      ; Signed Integer ;
+-------------------------------------------------+--------------------------------------------------------+----------------+
Note: In order to hide this table in the UI and the text report file, please set the "Show Parameter Settings in Synthesis Report" option in "Analysis and Synthesis Settings -> More Settings" to "Off".


+---------------------------------------------------------------------------------------+
; Parameter Settings for Inferred Entity Instance: Execute:EXE|MUL16:MUL|lpm_mult:Mult0 ;
+------------------------------------------------+--------------+-----------------------+
; Parameter Name                                 ; Value        ; Type                  ;
+------------------------------------------------+--------------+-----------------------+
; AUTO_CARRY_CHAINS                              ; ON           ; AUTO_CARRY            ;
; IGNORE_CARRY_BUFFERS                           ; OFF          ; IGNORE_CARRY          ;
; AUTO_CASCADE_CHAINS                            ; ON           ; AUTO_CASCADE          ;
; IGNORE_CASCADE_BUFFERS                         ; OFF          ; IGNORE_CASCADE        ;
; LPM_WIDTHA                                     ; 8            ; Untyped               ;
; LPM_WIDTHB                                     ; 8            ; Untyped               ;
; LPM_WIDTHP                                     ; 16           ; Untyped               ;
; LPM_WIDTHR                                     ; 16           ; Untyped               ;
; LPM_WIDTHS                                     ; 1            ; Untyped               ;
; LPM_REPRESENTATION                             ; UNSIGNED     ; Untyped               ;
; LPM_PIPELINE                                   ; 0            ; Untyped               ;
; LATENCY                                        ; 0            ; Untyped               ;
; INPUT_A_IS_CONSTANT                            ; NO           ; Untyped               ;
; INPUT_B_IS_CONSTANT                            ; NO           ; Untyped               ;
; USE_EAB                                        ; OFF          ; Untyped               ;
; MAXIMIZE_SPEED                                 ; 5            ; Untyped               ;
; DEVICE_FAMILY                                  ; Cyclone IV E ; Untyped               ;
; CARRY_CHAIN                                    ; MANUAL       ; Untyped               ;
; APEX20K_TECHNOLOGY_MAPPER                      ; LUT          ; TECH_MAPPER_APEX20K   ;
; DEDICATED_MULTIPLIER_CIRCUITRY                 ; AUTO         ; Untyped               ;
; DEDICATED_MULTIPLIER_MIN_INPUT_WIDTH_FOR_AUTO  ; 0            ; Untyped               ;
; DEDICATED_MULTIPLIER_MIN_OUTPUT_WIDTH_FOR_AUTO ; 0            ; Untyped               ;
; CBXI_PARAMETER                                 ; mult_aat     ; Untyped               ;
; INPUT_A_FIXED_VALUE                            ; Bx           ; Untyped               ;
; INPUT_B_FIXED_VALUE                            ; Bx           ; Untyped               ;
; USE_AHDL_IMPLEMENTATION                        ; OFF          ; Untyped               ;
+------------------------------------------------+--------------+-----------------------+
Note: In order to hide this table in the UI and the text report file, please set the "Show Parameter Settings in Synthesis Report" option in "Analysis and Synthesis Settings -> More Settings" to "Off".


+---------------------------------------------------------------------------------------+
; Parameter Settings for Inferred Entity Instance: Execute:EXE|MUL16:MUL|lpm_mult:Mult3 ;
+------------------------------------------------+--------------+-----------------------+
; Parameter Name                                 ; Value        ; Type                  ;
+------------------------------------------------+--------------+-----------------------+
; AUTO_CARRY_CHAINS                              ; ON           ; AUTO_CARRY            ;
; IGNORE_CARRY_BUFFERS                           ; OFF          ; IGNORE_CARRY          ;
; AUTO_CASCADE_CHAINS                            ; ON           ; AUTO_CASCADE          ;
; IGNORE_CASCADE_BUFFERS                         ; OFF          ; IGNORE_CASCADE        ;
; LPM_WIDTHA                                     ; 8            ; Untyped               ;
; LPM_WIDTHB                                     ; 8            ; Untyped               ;
; LPM_WIDTHP                                     ; 16           ; Untyped               ;
; LPM_WIDTHR                                     ; 16           ; Untyped               ;
; LPM_WIDTHS                                     ; 1            ; Untyped               ;
; LPM_REPRESENTATION                             ; UNSIGNED     ; Untyped               ;
; LPM_PIPELINE                                   ; 0            ; Untyped               ;
; LATENCY                                        ; 0            ; Untyped               ;
; INPUT_A_IS_CONSTANT                            ; NO           ; Untyped               ;
; INPUT_B_IS_CONSTANT                            ; NO           ; Untyped               ;
; USE_EAB                                        ; OFF          ; Untyped               ;
; MAXIMIZE_SPEED                                 ; 5            ; Untyped               ;
; DEVICE_FAMILY                                  ; Cyclone IV E ; Untyped               ;
; CARRY_CHAIN                                    ; MANUAL       ; Untyped               ;
; APEX20K_TECHNOLOGY_MAPPER                      ; LUT          ; TECH_MAPPER_APEX20K   ;
; DEDICATED_MULTIPLIER_CIRCUITRY                 ; AUTO         ; Untyped               ;
; DEDICATED_MULTIPLIER_MIN_INPUT_WIDTH_FOR_AUTO  ; 0            ; Untyped               ;
; DEDICATED_MULTIPLIER_MIN_OUTPUT_WIDTH_FOR_AUTO ; 0            ; Untyped               ;
; CBXI_PARAMETER                                 ; mult_aat     ; Untyped               ;
; INPUT_A_FIXED_VALUE                            ; Bx           ; Untyped               ;
; INPUT_B_FIXED_VALUE                            ; Bx           ; Untyped               ;
; USE_AHDL_IMPLEMENTATION                        ; OFF          ; Untyped               ;
+------------------------------------------------+--------------+-----------------------+
Note: In order to hide this table in the UI and the text report file, please set the "Show Parameter Settings in Synthesis Report" option in "Analysis and Synthesis Settings -> More Settings" to "Off".


+---------------------------------------------------------------------------------------+
; Parameter Settings for Inferred Entity Instance: Execute:EXE|MUL16:MUL|lpm_mult:Mult2 ;
+------------------------------------------------+--------------+-----------------------+
; Parameter Name                                 ; Value        ; Type                  ;
+------------------------------------------------+--------------+-----------------------+
; AUTO_CARRY_CHAINS                              ; ON           ; AUTO_CARRY            ;
; IGNORE_CARRY_BUFFERS                           ; OFF          ; IGNORE_CARRY          ;
; AUTO_CASCADE_CHAINS                            ; ON           ; AUTO_CASCADE          ;
; IGNORE_CASCADE_BUFFERS                         ; OFF          ; IGNORE_CASCADE        ;
; LPM_WIDTHA                                     ; 8            ; Untyped               ;
; LPM_WIDTHB                                     ; 8            ; Untyped               ;
; LPM_WIDTHP                                     ; 16           ; Untyped               ;
; LPM_WIDTHR                                     ; 16           ; Untyped               ;
; LPM_WIDTHS                                     ; 1            ; Untyped               ;
; LPM_REPRESENTATION                             ; UNSIGNED     ; Untyped               ;
; LPM_PIPELINE                                   ; 0            ; Untyped               ;
; LATENCY                                        ; 0            ; Untyped               ;
; INPUT_A_IS_CONSTANT                            ; NO           ; Untyped               ;
; INPUT_B_IS_CONSTANT                            ; NO           ; Untyped               ;
; USE_EAB                                        ; OFF          ; Untyped               ;
; MAXIMIZE_SPEED                                 ; 5            ; Untyped               ;
; DEVICE_FAMILY                                  ; Cyclone IV E ; Untyped               ;
; CARRY_CHAIN                                    ; MANUAL       ; Untyped               ;
; APEX20K_TECHNOLOGY_MAPPER                      ; LUT          ; TECH_MAPPER_APEX20K   ;
; DEDICATED_MULTIPLIER_CIRCUITRY                 ; AUTO         ; Untyped               ;
; DEDICATED_MULTIPLIER_MIN_INPUT_WIDTH_FOR_AUTO  ; 0            ; Untyped               ;
; DEDICATED_MULTIPLIER_MIN_OUTPUT_WIDTH_FOR_AUTO ; 0            ; Untyped               ;
; CBXI_PARAMETER                                 ; mult_aat     ; Untyped               ;
; INPUT_A_FIXED_VALUE                            ; Bx           ; Untyped               ;
; INPUT_B_FIXED_VALUE                            ; Bx           ; Untyped               ;
; USE_AHDL_IMPLEMENTATION                        ; OFF          ; Untyped               ;
+------------------------------------------------+--------------+-----------------------+
Note: In order to hide this table in the UI and the text report file, please set the "Show Parameter Settings in Synthesis Report" option in "Analysis and Synthesis Settings -> More Settings" to "Off".


+---------------------------------------------------------------------------------------+
; Parameter Settings for Inferred Entity Instance: Execute:EXE|MUL16:MUL|lpm_mult:Mult1 ;
+------------------------------------------------+--------------+-----------------------+
; Parameter Name                                 ; Value        ; Type                  ;
+------------------------------------------------+--------------+-----------------------+
; AUTO_CARRY_CHAINS                              ; ON           ; AUTO_CARRY            ;
; IGNORE_CARRY_BUFFERS                           ; OFF          ; IGNORE_CARRY          ;
; AUTO_CASCADE_CHAINS                            ; ON           ; AUTO_CASCADE          ;
; IGNORE_CASCADE_BUFFERS                         ; OFF          ; IGNORE_CASCADE        ;
; LPM_WIDTHA                                     ; 8            ; Untyped               ;
; LPM_WIDTHB                                     ; 8            ; Untyped               ;
; LPM_WIDTHP                                     ; 16           ; Untyped               ;
; LPM_WIDTHR                                     ; 16           ; Untyped               ;
; LPM_WIDTHS                                     ; 1            ; Untyped               ;
; LPM_REPRESENTATION                             ; UNSIGNED     ; Untyped               ;
; LPM_PIPELINE                                   ; 0            ; Untyped               ;
; LATENCY                                        ; 0            ; Untyped               ;
; INPUT_A_IS_CONSTANT                            ; NO           ; Untyped               ;
; INPUT_B_IS_CONSTANT                            ; NO           ; Untyped               ;
; USE_EAB                                        ; OFF          ; Untyped               ;
; MAXIMIZE_SPEED                                 ; 5            ; Untyped               ;
; DEVICE_FAMILY                                  ; Cyclone IV E ; Untyped               ;
; CARRY_CHAIN                                    ; MANUAL       ; Untyped               ;
; APEX20K_TECHNOLOGY_MAPPER                      ; LUT          ; TECH_MAPPER_APEX20K   ;
; DEDICATED_MULTIPLIER_CIRCUITRY                 ; AUTO         ; Untyped               ;
; DEDICATED_MULTIPLIER_MIN_INPUT_WIDTH_FOR_AUTO  ; 0            ; Untyped               ;
; DEDICATED_MULTIPLIER_MIN_OUTPUT_WIDTH_FOR_AUTO ; 0            ; Untyped               ;
; CBXI_PARAMETER                                 ; mult_aat     ; Untyped               ;
; INPUT_A_FIXED_VALUE                            ; Bx           ; Untyped               ;
; INPUT_B_FIXED_VALUE                            ; Bx           ; Untyped               ;
; USE_AHDL_IMPLEMENTATION                        ; OFF          ; Untyped               ;
+------------------------------------------------+--------------+-----------------------+
Note: In order to hide this table in the UI and the text report file, please set the "Show Parameter Settings in Synthesis Report" option in "Analysis and Synthesis Settings -> More Settings" to "Off".


+----------------------------------------------------------------------+
; altpll Parameter Settings by Entity Instance                         ;
+-------------------------------+--------------------------------------+
; Name                          ; Value                                ;
+-------------------------------+--------------------------------------+
; Number of entity instances    ; 1                                    ;
; Entity Instance               ; PLL:\G0:MCLK|altpll:altpll_component ;
;     -- OPERATION_MODE         ; NORMAL                               ;
;     -- PLL_TYPE               ; AUTO                                 ;
;     -- PRIMARY_CLOCK          ; INCLK0                               ;
;     -- INCLK0_INPUT_FREQUENCY ; 20000                                ;
;     -- INCLK1_INPUT_FREQUENCY ; 0                                    ;
;     -- VCO_MULTIPLY_BY        ; 0                                    ;
;     -- VCO_DIVIDE_BY          ; 0                                    ;
+-------------------------------+--------------------------------------+


+--------------------------------------------------------------------------------+
; altsyncram Parameter Settings by Entity Instance                               ;
+-------------------------------------------+------------------------------------+
; Name                                      ; Value                              ;
+-------------------------------------------+------------------------------------+
; Number of entity instances                ; 2                                  ;
; Entity Instance                           ; Ifetch:IFE|altsyncram:inst_memory  ;
;     -- OPERATION_MODE                     ; ROM                                ;
;     -- WIDTH_A                            ; 32                                 ;
;     -- NUMWORDS_A                         ; 2048                               ;
;     -- OUTDATA_REG_A                      ; UNREGISTERED                       ;
;     -- WIDTH_B                            ; 1                                  ;
;     -- NUMWORDS_B                         ; 0                                  ;
;     -- ADDRESS_REG_B                      ; CLOCK1                             ;
;     -- OUTDATA_REG_B                      ; UNREGISTERED                       ;
;     -- RAM_BLOCK_TYPE                     ; AUTO                               ;
;     -- READ_DURING_WRITE_MODE_MIXED_PORTS ; DONT_CARE                          ;
; Entity Instance                           ; dmemory:MEM|altsyncram:data_memory ;
;     -- OPERATION_MODE                     ; SINGLE_PORT                        ;
;     -- WIDTH_A                            ; 32                                 ;
;     -- NUMWORDS_A                         ; 2048                               ;
;     -- OUTDATA_REG_A                      ; UNREGISTERED                       ;
;     -- WIDTH_B                            ; 1                                  ;
;     -- NUMWORDS_B                         ; 0                                  ;
;     -- ADDRESS_REG_B                      ; CLOCK1                             ;
;     -- OUTDATA_REG_B                      ; UNREGISTERED                       ;
;     -- RAM_BLOCK_TYPE                     ; AUTO                               ;
;     -- READ_DURING_WRITE_MODE_MIXED_PORTS ; DONT_CARE                          ;
+-------------------------------------------+------------------------------------+


+------------------------------------------------------------------------------+
; lpm_mult Parameter Settings by Entity Instance                               ;
+---------------------------------------+--------------------------------------+
; Name                                  ; Value                                ;
+---------------------------------------+--------------------------------------+
; Number of entity instances            ; 4                                    ;
; Entity Instance                       ; Execute:EXE|MUL16:MUL|lpm_mult:Mult0 ;
;     -- LPM_WIDTHA                     ; 8                                    ;
;     -- LPM_WIDTHB                     ; 8                                    ;
;     -- LPM_WIDTHP                     ; 16                                   ;
;     -- LPM_REPRESENTATION             ; UNSIGNED                             ;
;     -- INPUT_A_IS_CONSTANT            ; NO                                   ;
;     -- INPUT_B_IS_CONSTANT            ; NO                                   ;
;     -- USE_EAB                        ; OFF                                  ;
;     -- DEDICATED_MULTIPLIER_CIRCUITRY ; AUTO                                 ;
;     -- INPUT_A_FIXED_VALUE            ; Bx                                   ;
;     -- INPUT_B_FIXED_VALUE            ; Bx                                   ;
; Entity Instance                       ; Execute:EXE|MUL16:MUL|lpm_mult:Mult3 ;
;     -- LPM_WIDTHA                     ; 8                                    ;
;     -- LPM_WIDTHB                     ; 8                                    ;
;     -- LPM_WIDTHP                     ; 16                                   ;
;     -- LPM_REPRESENTATION             ; UNSIGNED                             ;
;     -- INPUT_A_IS_CONSTANT            ; NO                                   ;
;     -- INPUT_B_IS_CONSTANT            ; NO                                   ;
;     -- USE_EAB                        ; OFF                                  ;
;     -- DEDICATED_MULTIPLIER_CIRCUITRY ; AUTO                                 ;
;     -- INPUT_A_FIXED_VALUE            ; Bx                                   ;
;     -- INPUT_B_FIXED_VALUE            ; Bx                                   ;
; Entity Instance                       ; Execute:EXE|MUL16:MUL|lpm_mult:Mult2 ;
;     -- LPM_WIDTHA                     ; 8                                    ;
;     -- LPM_WIDTHB                     ; 8                                    ;
;     -- LPM_WIDTHP                     ; 16                                   ;
;     -- LPM_REPRESENTATION             ; UNSIGNED                             ;
;     -- INPUT_A_IS_CONSTANT            ; NO                                   ;
;     -- INPUT_B_IS_CONSTANT            ; NO                                   ;
;     -- USE_EAB                        ; OFF                                  ;
;     -- DEDICATED_MULTIPLIER_CIRCUITRY ; AUTO                                 ;
;     -- INPUT_A_FIXED_VALUE            ; Bx                                   ;
;     -- INPUT_B_FIXED_VALUE            ; Bx                                   ;
; Entity Instance                       ; Execute:EXE|MUL16:MUL|lpm_mult:Mult1 ;
;     -- LPM_WIDTHA                     ; 8                                    ;
;     -- LPM_WIDTHB                     ; 8                                    ;
;     -- LPM_WIDTHP                     ; 16                                   ;
;     -- LPM_REPRESENTATION             ; UNSIGNED                             ;
;     -- INPUT_A_IS_CONSTANT            ; NO                                   ;
;     -- INPUT_B_IS_CONSTANT            ; NO                                   ;
;     -- USE_EAB                        ; OFF                                  ;
;     -- DEDICATED_MULTIPLIER_CIRCUITRY ; AUTO                                 ;
;     -- INPUT_A_FIXED_VALUE            ; Bx                                   ;
;     -- INPUT_B_FIXED_VALUE            ; Bx                                   ;
+---------------------------------------+--------------------------------------+


+------------------------------------------------------------------------------------------------------------------+
; Port Connectivity Checks: "PLL:\G0:MCLK"                                                                         ;
+--------+--------+----------+-------------------------------------------------------------------------------------+
; Port   ; Type   ; Severity ; Details                                                                             ;
+--------+--------+----------+-------------------------------------------------------------------------------------+
; areset ; Input  ; Info     ; Stuck at GND                                                                        ;
; locked ; Output ; Info     ; Connected to dangling logic. Logic that only feeds a dangling port will be removed. ;
+--------+--------+----------+-------------------------------------------------------------------------------------+


+-------------------------------------------------------------------------------------------------------------------------------------------------------------------------------------------------------------------------------------------------------------------------+
; Signal Tap Logic Analyzer Settings                                                                                                                                                                                                                                      ;
+----------------+------------------+---------------------+------------------+--------------+----------+------------------------+----------------------+--------------------+-----------------------------+-----------------+------------------+--------------------------+
; Instance Index ; Instance Name    ; Trigger Input Width ; Data Input Width ; Sample Depth ; Segments ; Storage Qualifier Type ; Trigger Flow Control ; Trigger Conditions ; Advanced Trigger Conditions ; Trigger In Used ; Trigger Out Used ; Power-Up Trigger Enabled ;
+----------------+------------------+---------------------+------------------+--------------+----------+------------------------+----------------------+--------------------+-----------------------------+-----------------+------------------+--------------------------+
; 0              ; auto_signaltap_0 ; 86                  ; 86               ; 4096         ; 1        ; continuous             ; sequential           ; 1                  ; 1                           ; no              ; no               ; no                       ;
+----------------+------------------+---------------------+------------------+--------------+----------+------------------------+----------------------+--------------------+-----------------------------+-----------------+------------------+--------------------------+


+-------------------------------------------------------------------------------------------------------------------------------+
; In-System Memory Content Editor Settings                                                                                      ;
+----------------+-------------+-------+-------+------------+-------------------------------------------------------------------+
; Instance Index ; Instance ID ; Width ; Depth ; Mode       ; Hierarchy Location                                                ;
+----------------+-------------+-------+-------+------------+-------------------------------------------------------------------+
; 0              ; ITCM        ; 32    ; 2048  ; Read/Write ; Ifetch:IFE|altsyncram:inst_memory|altsyncram_ccv3:auto_generated  ;
; 1              ; DTCM        ; 32    ; 2048  ; Read/Write ; dmemory:MEM|altsyncram:data_memory|altsyncram_gf14:auto_generated ;
+----------------+-------------+-------+-------+------------+-------------------------------------------------------------------+


+-----------------------------------------------------+
; Post-Synthesis Netlist Statistics for Top Partition ;
+-----------------------+-----------------------------+
; Type                  ; Count                       ;
+-----------------------+-----------------------------+
; boundary_port         ; 352                         ;
; cycloneiii_ff         ; 1584                        ;
;     CLR               ; 356                         ;
;     CLR SCLR          ; 38                          ;
;     CLR SCLR SLD      ; 64                          ;
;     ENA               ; 72                          ;
;     ENA CLR           ; 1020                        ;
;     ENA CLR SCLR      ; 2                           ;
;     ENA CLR SLD       ; 22                          ;
;     ENA SCLR          ; 10                          ;
; cycloneiii_lcell_comb ; 3147                        ;
;     arith             ; 225                         ;
;         2 data inputs ; 75                          ;
;         3 data inputs ; 150                         ;
;     normal            ; 2922                        ;
;         0 data inputs ; 2                           ;
;         1 data inputs ; 15                          ;
;         2 data inputs ; 129                         ;
;         3 data inputs ; 465                         ;
;         4 data inputs ; 2311                        ;
; cycloneiii_mac_mult   ; 4                           ;
; cycloneiii_mac_out    ; 4                           ;
; cycloneiii_pll        ; 1                           ;
; cycloneiii_ram_block  ; 64                          ;
;                       ;                             ;
; Max LUT depth         ; 17.90                       ;
; Average LUT depth     ; 6.46                        ;
+-----------------------+-----------------------------+


+--------------------------------------------------------------------------------+
; Post-Synthesis Netlist Statistics for Partition sld_signaltap:auto_signaltap_0 ;
+-----------------------+--------------------------------------------------------+
; Type                  ; Count                                                  ;
+-----------------------+--------------------------------------------------------+
; boundary_port         ; 514                                                    ;
; cycloneiii_ff         ; 992                                                    ;
;     CLR               ; 140                                                    ;
;     ENA               ; 138                                                    ;
;     ENA CLR           ; 101                                                    ;
;     ENA SCLR SLD      ; 36                                                     ;
;     ENA SLD           ; 13                                                     ;
;     SLD               ; 12                                                     ;
;     plain             ; 552                                                    ;
; cycloneiii_lcell_comb ; 479                                                    ;
;     arith             ; 104                                                    ;
;         2 data inputs ; 88                                                     ;
;         3 data inputs ; 16                                                     ;
;     normal            ; 375                                                    ;
;         0 data inputs ; 6                                                      ;
;         1 data inputs ; 5                                                      ;
;         2 data inputs ; 37                                                     ;
;         3 data inputs ; 198                                                    ;
;         4 data inputs ; 129                                                    ;
; cycloneiii_ram_block  ; 86                                                     ;
;                       ;                                                        ;
; Max LUT depth         ; 5.10                                                   ;
; Average LUT depth     ; 1.54                                                   ;
+-----------------------+--------------------------------------------------------+


+------------------------------------------------------------------+
; Post-Synthesis Netlist Statistics for Partition sld_hub:auto_hub ;
+-----------------------+------------------------------------------+
; Type                  ; Count                                    ;
+-----------------------+------------------------------------------+
; boundary_port         ; 239                                      ;
; cycloneiii_ff         ; 136                                      ;
;     CLR               ; 5                                        ;
;     ENA               ; 16                                       ;
;     ENA CLR           ; 75                                       ;
;     ENA CLR SLD       ; 2                                        ;
;     ENA SCLR          ; 6                                        ;
;     ENA SLD           ; 9                                        ;
;     SCLR              ; 7                                        ;
;     plain             ; 16                                       ;
; cycloneiii_lcell_comb ; 218                                      ;
;     arith             ; 9                                        ;
;         2 data inputs ; 9                                        ;
;     normal            ; 209                                      ;
;         0 data inputs ; 1                                        ;
;         1 data inputs ; 6                                        ;
;         2 data inputs ; 30                                       ;
;         3 data inputs ; 83                                       ;
;         4 data inputs ; 89                                       ;
;                       ;                                          ;
; Max LUT depth         ; 4.00                                     ;
; Average LUT depth     ; 1.91                                     ;
+-----------------------+------------------------------------------+


+-----------------------------------------------+
; Elapsed Time Per Partition                    ;
+--------------------------------+--------------+
; Partition Name                 ; Elapsed Time ;
+--------------------------------+--------------+
; Top                            ; 00:00:10     ;
; sld_signaltap:auto_signaltap_0 ; 00:00:01     ;
; sld_hub:auto_hub               ; 00:00:00     ;
+--------------------------------+--------------+


+--------------------------------------------------------------------------------------------------------------------------------------------------------------------------------------+
; Connections to In-System Debugging Instance "auto_signaltap_0"                                                                                                                       ;
+---------------------------------------------+---------------+-----------+--------------------------------+-------------------+---------------------------------------------+---------+
; Name                                        ; Type          ; Status    ; Partition Name                 ; Netlist Type Used ; Actual Connection                           ; Details ;
+---------------------------------------------+---------------+-----------+--------------------------------+-------------------+---------------------------------------------+---------+
; BPADDR_i[0]                                 ; pre-synthesis ; connected ; Top                            ; post-synthesis    ; BPADDR_i[0]                                 ; N/A     ;
; BPADDR_i[0]                                 ; pre-synthesis ; connected ; Top                            ; post-synthesis    ; BPADDR_i[0]                                 ; N/A     ;
; BPADDR_i[1]                                 ; pre-synthesis ; connected ; Top                            ; post-synthesis    ; BPADDR_i[1]                                 ; N/A     ;
; BPADDR_i[1]                                 ; pre-synthesis ; connected ; Top                            ; post-synthesis    ; BPADDR_i[1]                                 ; N/A     ;
; BPADDR_i[2]                                 ; pre-synthesis ; connected ; Top                            ; post-synthesis    ; BPADDR_i[2]                                 ; N/A     ;
; BPADDR_i[2]                                 ; pre-synthesis ; connected ; Top                            ; post-synthesis    ; BPADDR_i[2]                                 ; N/A     ;
; BPADDR_i[3]                                 ; pre-synthesis ; connected ; Top                            ; post-synthesis    ; BPADDR_i[3]                                 ; N/A     ;
; BPADDR_i[3]                                 ; pre-synthesis ; connected ; Top                            ; post-synthesis    ; BPADDR_i[3]                                 ; N/A     ;
; BPADDR_i[4]                                 ; pre-synthesis ; connected ; Top                            ; post-synthesis    ; BPADDR_i[4]                                 ; N/A     ;
; BPADDR_i[4]                                 ; pre-synthesis ; connected ; Top                            ; post-synthesis    ; BPADDR_i[4]                                 ; N/A     ;
; BPADDR_i[5]                                 ; pre-synthesis ; connected ; Top                            ; post-synthesis    ; BPADDR_i[5]                                 ; N/A     ;
; BPADDR_i[5]                                 ; pre-synthesis ; connected ; Top                            ; post-synthesis    ; BPADDR_i[5]                                 ; N/A     ;
; BPADDR_i[6]                                 ; pre-synthesis ; connected ; Top                            ; post-synthesis    ; BPADDR_i[6]                                 ; N/A     ;
; BPADDR_i[6]                                 ; pre-synthesis ; connected ; Top                            ; post-synthesis    ; BPADDR_i[6]                                 ; N/A     ;
; BPADDR_i[7]                                 ; pre-synthesis ; connected ; Top                            ; post-synthesis    ; BPADDR_i[7]                                 ; N/A     ;
; BPADDR_i[7]                                 ; pre-synthesis ; connected ; Top                            ; post-synthesis    ; BPADDR_i[7]                                 ; N/A     ;
; BPTRIGGER_o                                 ; pre-synthesis ; connected ; Top                            ; post-synthesis    ; Equal0~5                                    ; N/A     ;
; BPTRIGGER_o                                 ; pre-synthesis ; connected ; Top                            ; post-synthesis    ; Equal0~5                                    ; N/A     ;
; CLKCNT_o[0]                                 ; pre-synthesis ; connected ; Top                            ; post-synthesis    ; mclk_cnt_q[0]                               ; N/A     ;
; CLKCNT_o[0]                                 ; pre-synthesis ; connected ; Top                            ; post-synthesis    ; mclk_cnt_q[0]                               ; N/A     ;
; CLKCNT_o[10]                                ; pre-synthesis ; connected ; Top                            ; post-synthesis    ; mclk_cnt_q[10]                              ; N/A     ;
; CLKCNT_o[10]                                ; pre-synthesis ; connected ; Top                            ; post-synthesis    ; mclk_cnt_q[10]                              ; N/A     ;
; CLKCNT_o[11]                                ; pre-synthesis ; connected ; Top                            ; post-synthesis    ; mclk_cnt_q[11]                              ; N/A     ;
; CLKCNT_o[11]                                ; pre-synthesis ; connected ; Top                            ; post-synthesis    ; mclk_cnt_q[11]                              ; N/A     ;
; CLKCNT_o[12]                                ; pre-synthesis ; connected ; Top                            ; post-synthesis    ; mclk_cnt_q[12]                              ; N/A     ;
; CLKCNT_o[12]                                ; pre-synthesis ; connected ; Top                            ; post-synthesis    ; mclk_cnt_q[12]                              ; N/A     ;
; CLKCNT_o[13]                                ; pre-synthesis ; connected ; Top                            ; post-synthesis    ; mclk_cnt_q[13]                              ; N/A     ;
; CLKCNT_o[13]                                ; pre-synthesis ; connected ; Top                            ; post-synthesis    ; mclk_cnt_q[13]                              ; N/A     ;
; CLKCNT_o[14]                                ; pre-synthesis ; connected ; Top                            ; post-synthesis    ; mclk_cnt_q[14]                              ; N/A     ;
; CLKCNT_o[14]                                ; pre-synthesis ; connected ; Top                            ; post-synthesis    ; mclk_cnt_q[14]                              ; N/A     ;
; CLKCNT_o[15]                                ; pre-synthesis ; connected ; Top                            ; post-synthesis    ; mclk_cnt_q[15]                              ; N/A     ;
; CLKCNT_o[15]                                ; pre-synthesis ; connected ; Top                            ; post-synthesis    ; mclk_cnt_q[15]                              ; N/A     ;
; CLKCNT_o[1]                                 ; pre-synthesis ; connected ; Top                            ; post-synthesis    ; mclk_cnt_q[1]                               ; N/A     ;
; CLKCNT_o[1]                                 ; pre-synthesis ; connected ; Top                            ; post-synthesis    ; mclk_cnt_q[1]                               ; N/A     ;
; CLKCNT_o[2]                                 ; pre-synthesis ; connected ; Top                            ; post-synthesis    ; mclk_cnt_q[2]                               ; N/A     ;
; CLKCNT_o[2]                                 ; pre-synthesis ; connected ; Top                            ; post-synthesis    ; mclk_cnt_q[2]                               ; N/A     ;
; CLKCNT_o[3]                                 ; pre-synthesis ; connected ; Top                            ; post-synthesis    ; mclk_cnt_q[3]                               ; N/A     ;
; CLKCNT_o[3]                                 ; pre-synthesis ; connected ; Top                            ; post-synthesis    ; mclk_cnt_q[3]                               ; N/A     ;
; CLKCNT_o[4]                                 ; pre-synthesis ; connected ; Top                            ; post-synthesis    ; mclk_cnt_q[4]                               ; N/A     ;
; CLKCNT_o[4]                                 ; pre-synthesis ; connected ; Top                            ; post-synthesis    ; mclk_cnt_q[4]                               ; N/A     ;
; CLKCNT_o[5]                                 ; pre-synthesis ; connected ; Top                            ; post-synthesis    ; mclk_cnt_q[5]                               ; N/A     ;
; CLKCNT_o[5]                                 ; pre-synthesis ; connected ; Top                            ; post-synthesis    ; mclk_cnt_q[5]                               ; N/A     ;
; CLKCNT_o[6]                                 ; pre-synthesis ; connected ; Top                            ; post-synthesis    ; mclk_cnt_q[6]                               ; N/A     ;
; CLKCNT_o[6]                                 ; pre-synthesis ; connected ; Top                            ; post-synthesis    ; mclk_cnt_q[6]                               ; N/A     ;
; CLKCNT_o[7]                                 ; pre-synthesis ; connected ; Top                            ; post-synthesis    ; mclk_cnt_q[7]                               ; N/A     ;
; CLKCNT_o[7]                                 ; pre-synthesis ; connected ; Top                            ; post-synthesis    ; mclk_cnt_q[7]                               ; N/A     ;
; CLKCNT_o[8]                                 ; pre-synthesis ; connected ; Top                            ; post-synthesis    ; mclk_cnt_q[8]                               ; N/A     ;
; CLKCNT_o[8]                                 ; pre-synthesis ; connected ; Top                            ; post-synthesis    ; mclk_cnt_q[8]                               ; N/A     ;
; CLKCNT_o[9]                                 ; pre-synthesis ; connected ; Top                            ; post-synthesis    ; mclk_cnt_q[9]                               ; N/A     ;
; CLKCNT_o[9]                                 ; pre-synthesis ; connected ; Top                            ; post-synthesis    ; mclk_cnt_q[9]                               ; N/A     ;
; FHCNT_o[0]                                  ; pre-synthesis ; connected ; Top                            ; post-synthesis    ; fhcnt_q[0]                                  ; N/A     ;
; FHCNT_o[0]                                  ; pre-synthesis ; connected ; Top                            ; post-synthesis    ; fhcnt_q[0]                                  ; N/A     ;
; FHCNT_o[1]                                  ; pre-synthesis ; connected ; Top                            ; post-synthesis    ; fhcnt_q[1]                                  ; N/A     ;
; FHCNT_o[1]                                  ; pre-synthesis ; connected ; Top                            ; post-synthesis    ; fhcnt_q[1]                                  ; N/A     ;
; FHCNT_o[2]                                  ; pre-synthesis ; connected ; Top                            ; post-synthesis    ; fhcnt_q[2]                                  ; N/A     ;
; FHCNT_o[2]                                  ; pre-synthesis ; connected ; Top                            ; post-synthesis    ; fhcnt_q[2]                                  ; N/A     ;
; FHCNT_o[3]                                  ; pre-synthesis ; connected ; Top                            ; post-synthesis    ; fhcnt_q[3]                                  ; N/A     ;
; FHCNT_o[3]                                  ; pre-synthesis ; connected ; Top                            ; post-synthesis    ; fhcnt_q[3]                                  ; N/A     ;
; FHCNT_o[4]                                  ; pre-synthesis ; connected ; Top                            ; post-synthesis    ; fhcnt_q[4]                                  ; N/A     ;
; FHCNT_o[4]                                  ; pre-synthesis ; connected ; Top                            ; post-synthesis    ; fhcnt_q[4]                                  ; N/A     ;
; FHCNT_o[5]                                  ; pre-synthesis ; connected ; Top                            ; post-synthesis    ; fhcnt_q[5]                                  ; N/A     ;
; FHCNT_o[5]                                  ; pre-synthesis ; connected ; Top                            ; post-synthesis    ; fhcnt_q[5]                                  ; N/A     ;
; FHCNT_o[6]                                  ; pre-synthesis ; connected ; Top                            ; post-synthesis    ; fhcnt_q[6]                                  ; N/A     ;
; FHCNT_o[6]                                  ; pre-synthesis ; connected ; Top                            ; post-synthesis    ; fhcnt_q[6]                                  ; N/A     ;
; FHCNT_o[7]                                  ; pre-synthesis ; connected ; Top                            ; post-synthesis    ; fhcnt_q[7]                                  ; N/A     ;
; FHCNT_o[7]                                  ; pre-synthesis ; connected ; Top                            ; post-synthesis    ; fhcnt_q[7]                                  ; N/A     ;
; PLL:\G0:MCLK|altpll:altpll_component|clk[0] ; pre-synthesis ; connected ; Top                            ; post-synthesis    ; PLL:\G0:MCLK|altpll:altpll_component|_clk0  ; N/A     ;
; STCNT_o[0]                                  ; pre-synthesis ; connected ; Top                            ; post-synthesis    ; stcnt_q[0]                                  ; N/A     ;
; STCNT_o[0]                                  ; pre-synthesis ; connected ; Top                            ; post-synthesis    ; stcnt_q[0]                                  ; N/A     ;
; STCNT_o[1]                                  ; pre-synthesis ; connected ; Top                            ; post-synthesis    ; stcnt_q[1]                                  ; N/A     ;
; STCNT_o[1]                                  ; pre-synthesis ; connected ; Top                            ; post-synthesis    ; stcnt_q[1]                                  ; N/A     ;
; STCNT_o[2]                                  ; pre-synthesis ; connected ; Top                            ; post-synthesis    ; stcnt_q[2]                                  ; N/A     ;
; STCNT_o[2]                                  ; pre-synthesis ; connected ; Top                            ; post-synthesis    ; stcnt_q[2]                                  ; N/A     ;
; STCNT_o[3]                                  ; pre-synthesis ; connected ; Top                            ; post-synthesis    ; stcnt_q[3]                                  ; N/A     ;
; STCNT_o[3]                                  ; pre-synthesis ; connected ; Top                            ; post-synthesis    ; stcnt_q[3]                                  ; N/A     ;
; STCNT_o[4]                                  ; pre-synthesis ; connected ; Top                            ; post-synthesis    ; stcnt_q[4]                                  ; N/A     ;
; STCNT_o[4]                                  ; pre-synthesis ; connected ; Top                            ; post-synthesis    ; stcnt_q[4]                                  ; N/A     ;
; STCNT_o[5]                                  ; pre-synthesis ; connected ; Top                            ; post-synthesis    ; stcnt_q[5]                                  ; N/A     ;
; STCNT_o[5]                                  ; pre-synthesis ; connected ; Top                            ; post-synthesis    ; stcnt_q[5]                                  ; N/A     ;
; STCNT_o[6]                                  ; pre-synthesis ; connected ; Top                            ; post-synthesis    ; stcnt_q[6]                                  ; N/A     ;
; STCNT_o[6]                                  ; pre-synthesis ; connected ; Top                            ; post-synthesis    ; stcnt_q[6]                                  ; N/A     ;
; STCNT_o[7]                                  ; pre-synthesis ; connected ; Top                            ; post-synthesis    ; stcnt_q[7]                                  ; N/A     ;
; STCNT_o[7]                                  ; pre-synthesis ; connected ; Top                            ; post-synthesis    ; stcnt_q[7]                                  ; N/A     ;
; instruction_o[0]                            ; pre-synthesis ; connected ; Top                            ; post-synthesis    ; Ifetch:IFE|if_id_instruction_q[0]~_wirecell ; N/A     ;
; instruction_o[0]                            ; pre-synthesis ; connected ; Top                            ; post-synthesis    ; Ifetch:IFE|if_id_instruction_q[0]~_wirecell ; N/A     ;
; instruction_o[10]                           ; pre-synthesis ; connected ; Top                            ; post-synthesis    ; Ifetch:IFE|if_id_instruction_q[10]          ; N/A     ;
; instruction_o[10]                           ; pre-synthesis ; connected ; Top                            ; post-synthesis    ; Ifetch:IFE|if_id_instruction_q[10]          ; N/A     ;
; instruction_o[11]                           ; pre-synthesis ; connected ; Top                            ; post-synthesis    ; Ifetch:IFE|if_id_instruction_q[11]          ; N/A     ;
; instruction_o[11]                           ; pre-synthesis ; connected ; Top                            ; post-synthesis    ; Ifetch:IFE|if_id_instruction_q[11]          ; N/A     ;
; instruction_o[12]                           ; pre-synthesis ; connected ; Top                            ; post-synthesis    ; Ifetch:IFE|if_id_instruction_q[12]          ; N/A     ;
; instruction_o[12]                           ; pre-synthesis ; connected ; Top                            ; post-synthesis    ; Ifetch:IFE|if_id_instruction_q[12]          ; N/A     ;
; instruction_o[13]                           ; pre-synthesis ; connected ; Top                            ; post-synthesis    ; Ifetch:IFE|if_id_instruction_q[13]          ; N/A     ;
; instruction_o[13]                           ; pre-synthesis ; connected ; Top                            ; post-synthesis    ; Ifetch:IFE|if_id_instruction_q[13]          ; N/A     ;
; instruction_o[14]                           ; pre-synthesis ; connected ; Top                            ; post-synthesis    ; Ifetch:IFE|if_id_instruction_q[14]          ; N/A     ;
; instruction_o[14]                           ; pre-synthesis ; connected ; Top                            ; post-synthesis    ; Ifetch:IFE|if_id_instruction_q[14]          ; N/A     ;
; instruction_o[15]                           ; pre-synthesis ; connected ; Top                            ; post-synthesis    ; Ifetch:IFE|if_id_instruction_q[15]          ; N/A     ;
; instruction_o[15]                           ; pre-synthesis ; connected ; Top                            ; post-synthesis    ; Ifetch:IFE|if_id_instruction_q[15]          ; N/A     ;
; instruction_o[16]                           ; pre-synthesis ; connected ; Top                            ; post-synthesis    ; Ifetch:IFE|if_id_instruction_q[16]          ; N/A     ;
; instruction_o[16]                           ; pre-synthesis ; connected ; Top                            ; post-synthesis    ; Ifetch:IFE|if_id_instruction_q[16]          ; N/A     ;
; instruction_o[17]                           ; pre-synthesis ; connected ; Top                            ; post-synthesis    ; Ifetch:IFE|if_id_instruction_q[17]          ; N/A     ;
; instruction_o[17]                           ; pre-synthesis ; connected ; Top                            ; post-synthesis    ; Ifetch:IFE|if_id_instruction_q[17]          ; N/A     ;
; instruction_o[18]                           ; pre-synthesis ; connected ; Top                            ; post-synthesis    ; Ifetch:IFE|if_id_instruction_q[18]          ; N/A     ;
; instruction_o[18]                           ; pre-synthesis ; connected ; Top                            ; post-synthesis    ; Ifetch:IFE|if_id_instruction_q[18]          ; N/A     ;
; instruction_o[19]                           ; pre-synthesis ; connected ; Top                            ; post-synthesis    ; Ifetch:IFE|if_id_instruction_q[19]          ; N/A     ;
; instruction_o[19]                           ; pre-synthesis ; connected ; Top                            ; post-synthesis    ; Ifetch:IFE|if_id_instruction_q[19]          ; N/A     ;
; instruction_o[1]                            ; pre-synthesis ; connected ; Top                            ; post-synthesis    ; Ifetch:IFE|if_id_instruction_q[1]~_wirecell ; N/A     ;
; instruction_o[1]                            ; pre-synthesis ; connected ; Top                            ; post-synthesis    ; Ifetch:IFE|if_id_instruction_q[1]~_wirecell ; N/A     ;
; instruction_o[20]                           ; pre-synthesis ; connected ; Top                            ; post-synthesis    ; Ifetch:IFE|if_id_instruction_q[20]          ; N/A     ;
; instruction_o[20]                           ; pre-synthesis ; connected ; Top                            ; post-synthesis    ; Ifetch:IFE|if_id_instruction_q[20]          ; N/A     ;
; instruction_o[21]                           ; pre-synthesis ; connected ; Top                            ; post-synthesis    ; Ifetch:IFE|if_id_instruction_q[21]          ; N/A     ;
; instruction_o[21]                           ; pre-synthesis ; connected ; Top                            ; post-synthesis    ; Ifetch:IFE|if_id_instruction_q[21]          ; N/A     ;
; instruction_o[22]                           ; pre-synthesis ; connected ; Top                            ; post-synthesis    ; Ifetch:IFE|if_id_instruction_q[22]          ; N/A     ;
; instruction_o[22]                           ; pre-synthesis ; connected ; Top                            ; post-synthesis    ; Ifetch:IFE|if_id_instruction_q[22]          ; N/A     ;
; instruction_o[23]                           ; pre-synthesis ; connected ; Top                            ; post-synthesis    ; Ifetch:IFE|if_id_instruction_q[23]          ; N/A     ;
; instruction_o[23]                           ; pre-synthesis ; connected ; Top                            ; post-synthesis    ; Ifetch:IFE|if_id_instruction_q[23]          ; N/A     ;
; instruction_o[24]                           ; pre-synthesis ; connected ; Top                            ; post-synthesis    ; Ifetch:IFE|if_id_instruction_q[24]          ; N/A     ;
; instruction_o[24]                           ; pre-synthesis ; connected ; Top                            ; post-synthesis    ; Ifetch:IFE|if_id_instruction_q[24]          ; N/A     ;
; instruction_o[25]                           ; pre-synthesis ; connected ; Top                            ; post-synthesis    ; Ifetch:IFE|if_id_instruction_q[25]          ; N/A     ;
; instruction_o[25]                           ; pre-synthesis ; connected ; Top                            ; post-synthesis    ; Ifetch:IFE|if_id_instruction_q[25]          ; N/A     ;
; instruction_o[26]                           ; pre-synthesis ; connected ; Top                            ; post-synthesis    ; Ifetch:IFE|if_id_instruction_q[26]          ; N/A     ;
; instruction_o[26]                           ; pre-synthesis ; connected ; Top                            ; post-synthesis    ; Ifetch:IFE|if_id_instruction_q[26]          ; N/A     ;
; instruction_o[27]                           ; pre-synthesis ; connected ; Top                            ; post-synthesis    ; Ifetch:IFE|if_id_instruction_q[27]          ; N/A     ;
; instruction_o[27]                           ; pre-synthesis ; connected ; Top                            ; post-synthesis    ; Ifetch:IFE|if_id_instruction_q[27]          ; N/A     ;
; instruction_o[28]                           ; pre-synthesis ; connected ; Top                            ; post-synthesis    ; Ifetch:IFE|if_id_instruction_q[28]          ; N/A     ;
; instruction_o[28]                           ; pre-synthesis ; connected ; Top                            ; post-synthesis    ; Ifetch:IFE|if_id_instruction_q[28]          ; N/A     ;
; instruction_o[29]                           ; pre-synthesis ; connected ; Top                            ; post-synthesis    ; Ifetch:IFE|if_id_instruction_q[29]          ; N/A     ;
; instruction_o[29]                           ; pre-synthesis ; connected ; Top                            ; post-synthesis    ; Ifetch:IFE|if_id_instruction_q[29]          ; N/A     ;
; instruction_o[2]                            ; pre-synthesis ; connected ; Top                            ; post-synthesis    ; Ifetch:IFE|if_id_instruction_q[2]           ; N/A     ;
; instruction_o[2]                            ; pre-synthesis ; connected ; Top                            ; post-synthesis    ; Ifetch:IFE|if_id_instruction_q[2]           ; N/A     ;
; instruction_o[30]                           ; pre-synthesis ; connected ; Top                            ; post-synthesis    ; Ifetch:IFE|if_id_instruction_q[30]          ; N/A     ;
; instruction_o[30]                           ; pre-synthesis ; connected ; Top                            ; post-synthesis    ; Ifetch:IFE|if_id_instruction_q[30]          ; N/A     ;
; instruction_o[31]                           ; pre-synthesis ; connected ; Top                            ; post-synthesis    ; Ifetch:IFE|if_id_instruction_q[31]          ; N/A     ;
; instruction_o[31]                           ; pre-synthesis ; connected ; Top                            ; post-synthesis    ; Ifetch:IFE|if_id_instruction_q[31]          ; N/A     ;
; instruction_o[3]                            ; pre-synthesis ; connected ; Top                            ; post-synthesis    ; Ifetch:IFE|if_id_instruction_q[3]           ; N/A     ;
; instruction_o[3]                            ; pre-synthesis ; connected ; Top                            ; post-synthesis    ; Ifetch:IFE|if_id_instruction_q[3]           ; N/A     ;
; instruction_o[4]                            ; pre-synthesis ; connected ; Top                            ; post-synthesis    ; Ifetch:IFE|if_id_instruction_q[4]~_wirecell ; N/A     ;
; instruction_o[4]                            ; pre-synthesis ; connected ; Top                            ; post-synthesis    ; Ifetch:IFE|if_id_instruction_q[4]~_wirecell ; N/A     ;
; instruction_o[5]                            ; pre-synthesis ; connected ; Top                            ; post-synthesis    ; Ifetch:IFE|if_id_instruction_q[5]           ; N/A     ;
; instruction_o[5]                            ; pre-synthesis ; connected ; Top                            ; post-synthesis    ; Ifetch:IFE|if_id_instruction_q[5]           ; N/A     ;
; instruction_o[6]                            ; pre-synthesis ; connected ; Top                            ; post-synthesis    ; Ifetch:IFE|if_id_instruction_q[6]           ; N/A     ;
; instruction_o[6]                            ; pre-synthesis ; connected ; Top                            ; post-synthesis    ; Ifetch:IFE|if_id_instruction_q[6]           ; N/A     ;
; instruction_o[7]                            ; pre-synthesis ; connected ; Top                            ; post-synthesis    ; Ifetch:IFE|if_id_instruction_q[7]           ; N/A     ;
; instruction_o[7]                            ; pre-synthesis ; connected ; Top                            ; post-synthesis    ; Ifetch:IFE|if_id_instruction_q[7]           ; N/A     ;
; instruction_o[8]                            ; pre-synthesis ; connected ; Top                            ; post-synthesis    ; Ifetch:IFE|if_id_instruction_q[8]           ; N/A     ;
; instruction_o[8]                            ; pre-synthesis ; connected ; Top                            ; post-synthesis    ; Ifetch:IFE|if_id_instruction_q[8]           ; N/A     ;
; instruction_o[9]                            ; pre-synthesis ; connected ; Top                            ; post-synthesis    ; Ifetch:IFE|if_id_instruction_q[9]           ; N/A     ;
; instruction_o[9]                            ; pre-synthesis ; connected ; Top                            ; post-synthesis    ; Ifetch:IFE|if_id_instruction_q[9]           ; N/A     ;
; pc_o[0]                                     ; pre-synthesis ; connected ; Top                            ; post-synthesis    ; Ifetch:IFE|pc_plus4_q[0]                    ; N/A     ;
; pc_o[0]                                     ; pre-synthesis ; connected ; Top                            ; post-synthesis    ; Ifetch:IFE|pc_plus4_q[0]                    ; N/A     ;
; pc_o[10]                                    ; pre-synthesis ; connected ; Top                            ; post-synthesis    ; Ifetch:IFE|pc_q[10]                         ; N/A     ;
; pc_o[10]                                    ; pre-synthesis ; connected ; Top                            ; post-synthesis    ; Ifetch:IFE|pc_q[10]                         ; N/A     ;
; pc_o[11]                                    ; pre-synthesis ; connected ; Top                            ; post-synthesis    ; Ifetch:IFE|pc_q[11]                         ; N/A     ;
; pc_o[11]                                    ; pre-synthesis ; connected ; Top                            ; post-synthesis    ; Ifetch:IFE|pc_q[11]                         ; N/A     ;
; pc_o[12]                                    ; pre-synthesis ; connected ; Top                            ; post-synthesis    ; Ifetch:IFE|pc_q[12]                         ; N/A     ;
; pc_o[12]                                    ; pre-synthesis ; connected ; Top                            ; post-synthesis    ; Ifetch:IFE|pc_q[12]                         ; N/A     ;
; pc_o[1]                                     ; pre-synthesis ; connected ; Top                            ; post-synthesis    ; Ifetch:IFE|pc_plus4_q[1]                    ; N/A     ;
; pc_o[1]                                     ; pre-synthesis ; connected ; Top                            ; post-synthesis    ; Ifetch:IFE|pc_plus4_q[1]                    ; N/A     ;
; pc_o[2]                                     ; pre-synthesis ; connected ; Top                            ; post-synthesis    ; Ifetch:IFE|pc_q[2]                          ; N/A     ;
; pc_o[2]                                     ; pre-synthesis ; connected ; Top                            ; post-synthesis    ; Ifetch:IFE|pc_q[2]                          ; N/A     ;
; pc_o[3]                                     ; pre-synthesis ; connected ; Top                            ; post-synthesis    ; Ifetch:IFE|pc_q[3]                          ; N/A     ;
; pc_o[3]                                     ; pre-synthesis ; connected ; Top                            ; post-synthesis    ; Ifetch:IFE|pc_q[3]                          ; N/A     ;
; pc_o[4]                                     ; pre-synthesis ; connected ; Top                            ; post-synthesis    ; Ifetch:IFE|pc_q[4]                          ; N/A     ;
; pc_o[4]                                     ; pre-synthesis ; connected ; Top                            ; post-synthesis    ; Ifetch:IFE|pc_q[4]                          ; N/A     ;
; pc_o[5]                                     ; pre-synthesis ; connected ; Top                            ; post-synthesis    ; Ifetch:IFE|pc_q[5]                          ; N/A     ;
; pc_o[5]                                     ; pre-synthesis ; connected ; Top                            ; post-synthesis    ; Ifetch:IFE|pc_q[5]                          ; N/A     ;
; pc_o[6]                                     ; pre-synthesis ; connected ; Top                            ; post-synthesis    ; Ifetch:IFE|pc_q[6]                          ; N/A     ;
; pc_o[6]                                     ; pre-synthesis ; connected ; Top                            ; post-synthesis    ; Ifetch:IFE|pc_q[6]                          ; N/A     ;
; pc_o[7]                                     ; pre-synthesis ; connected ; Top                            ; post-synthesis    ; Ifetch:IFE|pc_q[7]                          ; N/A     ;
; pc_o[7]                                     ; pre-synthesis ; connected ; Top                            ; post-synthesis    ; Ifetch:IFE|pc_q[7]                          ; N/A     ;
; pc_o[8]                                     ; pre-synthesis ; connected ; Top                            ; post-synthesis    ; Ifetch:IFE|pc_q[8]                          ; N/A     ;
; pc_o[8]                                     ; pre-synthesis ; connected ; Top                            ; post-synthesis    ; Ifetch:IFE|pc_q[8]                          ; N/A     ;
; pc_o[9]                                     ; pre-synthesis ; connected ; Top                            ; post-synthesis    ; Ifetch:IFE|pc_q[9]                          ; N/A     ;
; pc_o[9]                                     ; pre-synthesis ; connected ; Top                            ; post-synthesis    ; Ifetch:IFE|pc_q[9]                          ; N/A     ;
; auto_signaltap_0|gnd                        ; post-fitting  ; connected ; sld_signaltap:auto_signaltap_0 ; post-synthesis    ; sld_signaltap:auto_signaltap_0|~GND         ; N/A     ;
; auto_signaltap_0|gnd                        ; post-fitting  ; connected ; sld_signaltap:auto_signaltap_0 ; post-synthesis    ; sld_signaltap:auto_signaltap_0|~GND         ; N/A     ;
; auto_signaltap_0|gnd                        ; post-fitting  ; connected ; sld_signaltap:auto_signaltap_0 ; post-synthesis    ; sld_signaltap:auto_signaltap_0|~GND         ; N/A     ;
; auto_signaltap_0|gnd                        ; post-fitting  ; connected ; sld_signaltap:auto_signaltap_0 ; post-synthesis    ; sld_signaltap:auto_signaltap_0|~GND         ; N/A     ;
; auto_signaltap_0|gnd                        ; post-fitting  ; connected ; sld_signaltap:auto_signaltap_0 ; post-synthesis    ; sld_signaltap:auto_signaltap_0|~GND         ; N/A     ;
; auto_signaltap_0|gnd                        ; post-fitting  ; connected ; sld_signaltap:auto_signaltap_0 ; post-synthesis    ; sld_signaltap:auto_signaltap_0|~GND         ; N/A     ;
; auto_signaltap_0|gnd                        ; post-fitting  ; connected ; sld_signaltap:auto_signaltap_0 ; post-synthesis    ; sld_signaltap:auto_signaltap_0|~GND         ; N/A     ;
; auto_signaltap_0|gnd                        ; post-fitting  ; connected ; sld_signaltap:auto_signaltap_0 ; post-synthesis    ; sld_signaltap:auto_signaltap_0|~GND         ; N/A     ;
; auto_signaltap_0|gnd                        ; post-fitting  ; connected ; sld_signaltap:auto_signaltap_0 ; post-synthesis    ; sld_signaltap:auto_signaltap_0|~GND         ; N/A     ;
; auto_signaltap_0|gnd                        ; post-fitting  ; connected ; sld_signaltap:auto_signaltap_0 ; post-synthesis    ; sld_signaltap:auto_signaltap_0|~GND         ; N/A     ;
; auto_signaltap_0|gnd                        ; post-fitting  ; connected ; sld_signaltap:auto_signaltap_0 ; post-synthesis    ; sld_signaltap:auto_signaltap_0|~GND         ; N/A     ;
; auto_signaltap_0|gnd                        ; post-fitting  ; connected ; sld_signaltap:auto_signaltap_0 ; post-synthesis    ; sld_signaltap:auto_signaltap_0|~GND         ; N/A     ;
; auto_signaltap_0|gnd                        ; post-fitting  ; connected ; sld_signaltap:auto_signaltap_0 ; post-synthesis    ; sld_signaltap:auto_signaltap_0|~GND         ; N/A     ;
; auto_signaltap_0|gnd                        ; post-fitting  ; connected ; sld_signaltap:auto_signaltap_0 ; post-synthesis    ; sld_signaltap:auto_signaltap_0|~GND         ; N/A     ;
; auto_signaltap_0|gnd                        ; post-fitting  ; connected ; sld_signaltap:auto_signaltap_0 ; post-synthesis    ; sld_signaltap:auto_signaltap_0|~GND         ; N/A     ;
; auto_signaltap_0|vcc                        ; post-fitting  ; connected ; sld_signaltap:auto_signaltap_0 ; post-synthesis    ; sld_signaltap:auto_signaltap_0|~VCC         ; N/A     ;
; auto_signaltap_0|vcc                        ; post-fitting  ; connected ; sld_signaltap:auto_signaltap_0 ; post-synthesis    ; sld_signaltap:auto_signaltap_0|~VCC         ; N/A     ;
; auto_signaltap_0|vcc                        ; post-fitting  ; connected ; sld_signaltap:auto_signaltap_0 ; post-synthesis    ; sld_signaltap:auto_signaltap_0|~VCC         ; N/A     ;
; auto_signaltap_0|vcc                        ; post-fitting  ; connected ; sld_signaltap:auto_signaltap_0 ; post-synthesis    ; sld_signaltap:auto_signaltap_0|~VCC         ; N/A     ;
; auto_signaltap_0|vcc                        ; post-fitting  ; connected ; sld_signaltap:auto_signaltap_0 ; post-synthesis    ; sld_signaltap:auto_signaltap_0|~VCC         ; N/A     ;
; auto_signaltap_0|vcc                        ; post-fitting  ; connected ; sld_signaltap:auto_signaltap_0 ; post-synthesis    ; sld_signaltap:auto_signaltap_0|~VCC         ; N/A     ;
; auto_signaltap_0|vcc                        ; post-fitting  ; connected ; sld_signaltap:auto_signaltap_0 ; post-synthesis    ; sld_signaltap:auto_signaltap_0|~VCC         ; N/A     ;
; auto_signaltap_0|vcc                        ; post-fitting  ; connected ; sld_signaltap:auto_signaltap_0 ; post-synthesis    ; sld_signaltap:auto_signaltap_0|~VCC         ; N/A     ;
; auto_signaltap_0|vcc                        ; post-fitting  ; connected ; sld_signaltap:auto_signaltap_0 ; post-synthesis    ; sld_signaltap:auto_signaltap_0|~VCC         ; N/A     ;
; auto_signaltap_0|vcc                        ; post-fitting  ; connected ; sld_signaltap:auto_signaltap_0 ; post-synthesis    ; sld_signaltap:auto_signaltap_0|~VCC         ; N/A     ;
; auto_signaltap_0|vcc                        ; post-fitting  ; connected ; sld_signaltap:auto_signaltap_0 ; post-synthesis    ; sld_signaltap:auto_signaltap_0|~VCC         ; N/A     ;
; auto_signaltap_0|vcc                        ; post-fitting  ; connected ; sld_signaltap:auto_signaltap_0 ; post-synthesis    ; sld_signaltap:auto_signaltap_0|~VCC         ; N/A     ;
; auto_signaltap_0|vcc                        ; post-fitting  ; connected ; sld_signaltap:auto_signaltap_0 ; post-synthesis    ; sld_signaltap:auto_signaltap_0|~VCC         ; N/A     ;
; auto_signaltap_0|vcc                        ; post-fitting  ; connected ; sld_signaltap:auto_signaltap_0 ; post-synthesis    ; sld_signaltap:auto_signaltap_0|~VCC         ; N/A     ;
; auto_signaltap_0|vcc                        ; post-fitting  ; connected ; sld_signaltap:auto_signaltap_0 ; post-synthesis    ; sld_signaltap:auto_signaltap_0|~VCC         ; N/A     ;
; auto_signaltap_0|vcc                        ; post-fitting  ; connected ; sld_signaltap:auto_signaltap_0 ; post-synthesis    ; sld_signaltap:auto_signaltap_0|~VCC         ; N/A     ;
; auto_signaltap_0|vcc                        ; post-fitting  ; connected ; sld_signaltap:auto_signaltap_0 ; post-synthesis    ; sld_signaltap:auto_signaltap_0|~VCC         ; N/A     ;
+---------------------------------------------+---------------+-----------+--------------------------------+-------------------+---------------------------------------------+---------+


+-------------------------------+
; Analysis & Synthesis Messages ;
+-------------------------------+
Info: *******************************************************************
Info: Running Quartus Prime Analysis & Synthesis
    Info: Version 21.1.0 Build 842 10/21/2021 SJ Lite Edition
    Info: Processing started: Tue Aug 18 20:55:18 2026
Info: Command: quartus_map --read_settings_files=on --write_settings_files=off RV32IM_PIPE_CORE -c RV32IM_PIPE_CORE
Warning (18236): Number of processors has not been specified which may cause overloading on shared machines.  Set the global assignment NUM_PARALLEL_PROCESSORS in your QSF to an appropriate value for best performance.
Info (20030): Parallel compilation is enabled and will use 4 of the 4 processors detected
Info (12021): Found 2 design units, including 1 entities, in source file /users/adar/documents/vhdl lab/lab5/dut/rv32im_pipeline/rv32im_pipe_core.vhd
    Info (12022): Found design unit 1: RV32IM_PIPE_CORE-structure File: C:/Users/Adar/Documents/VHDL Lab/Lab5/DUT/RV32IM_pipeline/RV32IM_PIPE_CORE.vhd Line: 78
    Info (12023): Found entity 1: RV32IM_PIPE_CORE File: C:/Users/Adar/Documents/VHDL Lab/Lab5/DUT/RV32IM_pipeline/RV32IM_PIPE_CORE.vhd Line: 28
Info (12021): Found 2 design units, including 1 entities, in source file /users/adar/documents/vhdl lab/lab5/dut/rv32im_pipeline/pll.vhd
    Info (12022): Found design unit 1: pll-SYN File: C:/Users/Adar/Documents/VHDL Lab/Lab5/DUT/RV32IM_pipeline/PLL.vhd Line: 54
    Info (12023): Found entity 1: PLL File: C:/Users/Adar/Documents/VHDL Lab/Lab5/DUT/RV32IM_pipeline/PLL.vhd Line: 43
Info (12021): Found 2 design units, including 1 entities, in source file /users/adar/documents/vhdl lab/lab5/dut/rv32im_pipeline/mul16.vhd
    Info (12022): Found design unit 1: MUL16-dataflow File: C:/Users/Adar/Documents/VHDL Lab/Lab5/DUT/RV32IM_pipeline/MUL16.vhd Line: 30
    Info (12023): Found entity 1: MUL16 File: C:/Users/Adar/Documents/VHDL Lab/Lab5/DUT/RV32IM_pipeline/MUL16.vhd Line: 15
Info (12021): Found 2 design units, including 1 entities, in source file /users/adar/documents/vhdl lab/lab5/dut/rv32im_pipeline/ifetch.vhd
    Info (12022): Found design unit 1: Ifetch-behavior File: C:/Users/Adar/Documents/VHDL Lab/Lab5/DUT/RV32IM_pipeline/IFETCH.vhd Line: 45
    Info (12023): Found entity 1: Ifetch File: C:/Users/Adar/Documents/VHDL Lab/Lab5/DUT/RV32IM_pipeline/IFETCH.vhd Line: 20
Info (12021): Found 2 design units, including 1 entities, in source file /users/adar/documents/vhdl lab/lab5/dut/rv32im_pipeline/idecode.vhd
    Info (12022): Found design unit 1: Idecode-behavior File: C:/Users/Adar/Documents/VHDL Lab/Lab5/DUT/RV32IM_pipeline/IDECODE.vhd Line: 95
    Info (12023): Found entity 1: Idecode File: C:/Users/Adar/Documents/VHDL Lab/Lab5/DUT/RV32IM_pipeline/IDECODE.vhd Line: 26
Info (12021): Found 2 design units, including 1 entities, in source file /users/adar/documents/vhdl lab/lab5/dut/rv32im_pipeline/hazard_unit.vhd
    Info (12022): Found design unit 1: HAZARD_UNIT-behavior File: C:/Users/Adar/Documents/VHDL Lab/Lab5/DUT/RV32IM_pipeline/HAZARD_UNIT.vhd Line: 56
    Info (12023): Found entity 1: HAZARD_UNIT File: C:/Users/Adar/Documents/VHDL Lab/Lab5/DUT/RV32IM_pipeline/HAZARD_UNIT.vhd Line: 40
Info (12021): Found 2 design units, including 1 entities, in source file /users/adar/documents/vhdl lab/lab5/dut/rv32im_pipeline/forward_unit.vhd
    Info (12022): Found design unit 1: FORWARD_UNIT-behavior File: C:/Users/Adar/Documents/VHDL Lab/Lab5/DUT/RV32IM_pipeline/FORWARD_UNIT.vhd Line: 56
    Info (12023): Found entity 1: FORWARD_UNIT File: C:/Users/Adar/Documents/VHDL Lab/Lab5/DUT/RV32IM_pipeline/FORWARD_UNIT.vhd Line: 36
Info (12021): Found 2 design units, including 1 entities, in source file /users/adar/documents/vhdl lab/lab5/dut/rv32im_pipeline/execute.vhd
    Info (12022): Found design unit 1: Execute-struct File: C:/Users/Adar/Documents/VHDL Lab/Lab5/DUT/RV32IM_pipeline/EXECUTE.vhd Line: 82
    Info (12023): Found entity 1: Execute File: C:/Users/Adar/Documents/VHDL Lab/Lab5/DUT/RV32IM_pipeline/EXECUTE.vhd Line: 25
Info (12021): Found 2 design units, including 1 entities, in source file /users/adar/documents/vhdl lab/lab5/dut/rv32im_pipeline/dmemory.vhd
    Info (12022): Found design unit 1: dmemory-behavior File: C:/Users/Adar/Documents/VHDL Lab/Lab5/DUT/RV32IM_pipeline/DMEMORY.vhd Line: 70
    Info (12023): Found entity 1: dmemory File: C:/Users/Adar/Documents/VHDL Lab/Lab5/DUT/RV32IM_pipeline/DMEMORY.vhd Line: 29
Info (12021): Found 2 design units, including 1 entities, in source file /users/adar/documents/vhdl lab/lab5/dut/rv32im_pipeline/control.vhd
    Info (12022): Found design unit 1: control-behavior File: C:/Users/Adar/Documents/VHDL Lab/Lab5/DUT/RV32IM_pipeline/CONTROL.vhd Line: 40
    Info (12023): Found entity 1: control File: C:/Users/Adar/Documents/VHDL Lab/Lab5/DUT/RV32IM_pipeline/CONTROL.vhd Line: 19
Info (12021): Found 1 design units, including 0 entities, in source file /users/adar/documents/vhdl lab/lab5/dut/rv32im_pipeline/const_package.vhd
    Info (12022): Found design unit 1: const_package File: C:/Users/Adar/Documents/VHDL Lab/Lab5/DUT/RV32IM_pipeline/const_package.vhd Line: 9
Info (12021): Found 1 design units, including 0 entities, in source file /users/adar/documents/vhdl lab/lab5/dut/rv32im_pipeline/cond_compilation_package.vhd
    Info (12022): Found design unit 1: cond_compilation_package File: C:/Users/Adar/Documents/VHDL Lab/Lab5/DUT/RV32IM_pipeline/cond_compilation_package.vhd Line: 10
Info (12021): Found 1 design units, including 0 entities, in source file /users/adar/documents/vhdl lab/lab5/dut/rv32im_pipeline/aux_package.vhd
    Info (12022): Found design unit 1: aux_package File: C:/Users/Adar/Documents/VHDL Lab/Lab5/DUT/RV32IM_pipeline/aux_package.vhd Line: 16
Info (12127): Elaborating entity "RV32IM_PIPE_CORE" for the top level hierarchy
Info (12128): Elaborating entity "PLL" for hierarchy "PLL:\G0:MCLK" File: C:/Users/Adar/Documents/VHDL Lab/Lab5/DUT/RV32IM_pipeline/RV32IM_PIPE_CORE.vhd Line: 170
Info (12128): Elaborating entity "altpll" for hierarchy "PLL:\G0:MCLK|altpll:altpll_component" File: C:/Users/Adar/Documents/VHDL Lab/Lab5/DUT/RV32IM_pipeline/PLL.vhd Line: 140
Info (12130): Elaborated megafunction instantiation "PLL:\G0:MCLK|altpll:altpll_component" File: C:/Users/Adar/Documents/VHDL Lab/Lab5/DUT/RV32IM_pipeline/PLL.vhd Line: 140
Info (12133): Instantiated megafunction "PLL:\G0:MCLK|altpll:altpll_component" with the following parameter: File: C:/Users/Adar/Documents/VHDL Lab/Lab5/DUT/RV32IM_pipeline/PLL.vhd Line: 140
    Info (12134): Parameter "clk0_divide_by" = "2"
    Info (12134): Parameter "clk0_duty_cycle" = "50"
    Info (12134): Parameter "clk0_multiply_by" = "1"
    Info (12134): Parameter "clk0_phase_shift" = "0"
    Info (12134): Parameter "compensate_clock" = "CLK0"
    Info (12134): Parameter "gate_lock_signal" = "NO"
    Info (12134): Parameter "inclk0_input_frequency" = "20000"
    Info (12134): Parameter "intended_device_family" = "Cyclone II"
    Info (12134): Parameter "invalid_lock_multiplier" = "5"
    Info (12134): Parameter "lpm_hint" = "CBX_MODULE_PREFIX=PLL"
    Info (12134): Parameter "lpm_type" = "altpll"
    Info (12134): Parameter "operation_mode" = "NORMAL"
    Info (12134): Parameter "port_activeclock" = "PORT_UNUSED"
    Info (12134): Parameter "port_areset" = "PORT_USED"
    Info (12134): Parameter "port_clkbad0" = "PORT_UNUSED"
    Info (12134): Parameter "port_clkbad1" = "PORT_UNUSED"
    Info (12134): Parameter "port_clkloss" = "PORT_UNUSED"
    Info (12134): Parameter "port_clkswitch" = "PORT_UNUSED"
    Info (12134): Parameter "port_configupdate" = "PORT_UNUSED"
    Info (12134): Parameter "port_fbin" = "PORT_UNUSED"
    Info (12134): Parameter "port_inclk0" = "PORT_USED"
    Info (12134): Parameter "port_inclk1" = "PORT_UNUSED"
    Info (12134): Parameter "port_locked" = "PORT_USED"
    Info (12134): Parameter "port_pfdena" = "PORT_UNUSED"
    Info (12134): Parameter "port_phasecounterselect" = "PORT_UNUSED"
    Info (12134): Parameter "port_phasedone" = "PORT_UNUSED"
    Info (12134): Parameter "port_phasestep" = "PORT_UNUSED"
    Info (12134): Parameter "port_phaseupdown" = "PORT_UNUSED"
    Info (12134): Parameter "port_pllena" = "PORT_UNUSED"
    Info (12134): Parameter "port_scanaclr" = "PORT_UNUSED"
    Info (12134): Parameter "port_scanclk" = "PORT_UNUSED"
    Info (12134): Parameter "port_scanclkena" = "PORT_UNUSED"
    Info (12134): Parameter "port_scandata" = "PORT_UNUSED"
    Info (12134): Parameter "port_scandataout" = "PORT_UNUSED"
    Info (12134): Parameter "port_scandone" = "PORT_UNUSED"
    Info (12134): Parameter "port_scanread" = "PORT_UNUSED"
    Info (12134): Parameter "port_scanwrite" = "PORT_UNUSED"
    Info (12134): Parameter "port_clk0" = "PORT_USED"
    Info (12134): Parameter "port_clk1" = "PORT_UNUSED"
    Info (12134): Parameter "port_clk2" = "PORT_UNUSED"
    Info (12134): Parameter "port_clk3" = "PORT_UNUSED"
    Info (12134): Parameter "port_clk4" = "PORT_UNUSED"
    Info (12134): Parameter "port_clk5" = "PORT_UNUSED"
    Info (12134): Parameter "port_clkena0" = "PORT_UNUSED"
    Info (12134): Parameter "port_clkena1" = "PORT_UNUSED"
    Info (12134): Parameter "port_clkena2" = "PORT_UNUSED"
    Info (12134): Parameter "port_clkena3" = "PORT_UNUSED"
    Info (12134): Parameter "port_clkena4" = "PORT_UNUSED"
    Info (12134): Parameter "port_clkena5" = "PORT_UNUSED"
    Info (12134): Parameter "port_extclk0" = "PORT_UNUSED"
    Info (12134): Parameter "port_extclk1" = "PORT_UNUSED"
    Info (12134): Parameter "port_extclk2" = "PORT_UNUSED"
    Info (12134): Parameter "port_extclk3" = "PORT_UNUSED"
    Info (12134): Parameter "valid_lock_multiplier" = "1"
Info (12128): Elaborating entity "Ifetch" for hierarchy "Ifetch:IFE" File: C:/Users/Adar/Documents/VHDL Lab/Lab5/DUT/RV32IM_pipeline/RV32IM_PIPE_CORE.vhd Line: 210
Info (12128): Elaborating entity "altsyncram" for hierarchy "Ifetch:IFE|altsyncram:inst_memory" File: C:/Users/Adar/Documents/VHDL Lab/Lab5/DUT/RV32IM_pipeline/IFETCH.vhd Line: 65
Info (12130): Elaborated megafunction instantiation "Ifetch:IFE|altsyncram:inst_memory" File: C:/Users/Adar/Documents/VHDL Lab/Lab5/DUT/RV32IM_pipeline/IFETCH.vhd Line: 65
Info (12133): Instantiated megafunction "Ifetch:IFE|altsyncram:inst_memory" with the following parameter: File: C:/Users/Adar/Documents/VHDL Lab/Lab5/DUT/RV32IM_pipeline/IFETCH.vhd Line: 65
    Info (12134): Parameter "address_aclr_a" = "UNUSED"
    Info (12134): Parameter "address_aclr_b" = "NONE"
    Info (12134): Parameter "address_reg_b" = "CLOCK1"
    Info (12134): Parameter "byte_size" = "8"
    Info (12134): Parameter "byteena_aclr_a" = "UNUSED"
    Info (12134): Parameter "byteena_aclr_b" = "NONE"
    Info (12134): Parameter "byteena_reg_b" = "CLOCK1"
    Info (12134): Parameter "clock_enable_core_a" = "USE_INPUT_CLKEN"
    Info (12134): Parameter "clock_enable_core_b" = "USE_INPUT_CLKEN"
    Info (12134): Parameter "clock_enable_input_a" = "NORMAL"
    Info (12134): Parameter "clock_enable_input_b" = "NORMAL"
    Info (12134): Parameter "clock_enable_output_a" = "NORMAL"
    Info (12134): Parameter "clock_enable_output_b" = "NORMAL"
    Info (12134): Parameter "intended_device_family" = "Cyclone"
    Info (12134): Parameter "ecc_pipeline_stage_enabled" = "FALSE"
    Info (12134): Parameter "enable_ecc" = "FALSE"
    Info (12134): Parameter "implement_in_les" = "OFF"
    Info (12134): Parameter "indata_aclr_a" = "UNUSED"
    Info (12134): Parameter "indata_aclr_b" = "NONE"
    Info (12134): Parameter "indata_reg_b" = "CLOCK1"
    Info (12134): Parameter "init_file" = "C:\TestPrograms\Quartus21_1\app_bin\ITCM.hex"
    Info (12134): Parameter "init_file_layout" = "PORT_A"
    Info (12134): Parameter "maximum_depth" = "0"
    Info (12134): Parameter "numwords_a" = "2048"
    Info (12134): Parameter "numwords_b" = "0"
    Info (12134): Parameter "operation_mode" = "ROM"
    Info (12134): Parameter "outdata_aclr_a" = "NONE"
    Info (12134): Parameter "outdata_aclr_b" = "NONE"
    Info (12134): Parameter "outdata_reg_a" = "UNREGISTERED"
    Info (12134): Parameter "outdata_reg_b" = "UNREGISTERED"
    Info (12134): Parameter "power_up_uninitialized" = "FALSE"
    Info (12134): Parameter "ram_block_type" = "AUTO"
    Info (12134): Parameter "rdcontrol_aclr_b" = "NONE"
    Info (12134): Parameter "rdcontrol_reg_b" = "CLOCK1"
    Info (12134): Parameter "read_during_write_mode_mixed_ports" = "DONT_CARE"
    Info (12134): Parameter "read_during_write_mode_port_a" = "NEW_DATA_NO_NBE_READ"
    Info (12134): Parameter "read_during_write_mode_port_b" = "NEW_DATA_NO_NBE_READ"
    Info (12134): Parameter "stratixiv_m144k_allow_dual_clocks" = "ON"
    Info (12134): Parameter "width_a" = "32"
    Info (12134): Parameter "width_b" = "1"
    Info (12134): Parameter "width_byteena_a" = "1"
    Info (12134): Parameter "width_byteena_b" = "1"
    Info (12134): Parameter "width_eccstatus" = "3"
    Info (12134): Parameter "widthad_a" = "11"
    Info (12134): Parameter "widthad_b" = "1"
    Info (12134): Parameter "wrcontrol_aclr_a" = "UNUSED"
    Info (12134): Parameter "wrcontrol_aclr_b" = "NONE"
    Info (12134): Parameter "wrcontrol_wraddress_reg_b" = "CLOCK1"
    Info (12134): Parameter "lpm_hint" = "ENABLE_RUNTIME_MOD = YES,INSTANCE_NAME = ITCM"
    Info (12134): Parameter "lpm_type" = "altsyncram"
Info (12021): Found 1 design units, including 1 entities, in source file db/altsyncram_ccv3.tdf
    Info (12023): Found entity 1: altsyncram_ccv3 File: C:/Users/Adar/Documents/VHDL Lab/Lab5/Quartus/RV32IM_pipeline/db/altsyncram_ccv3.tdf Line: 28
Info (12128): Elaborating entity "altsyncram_ccv3" for hierarchy "Ifetch:IFE|altsyncram:inst_memory|altsyncram_ccv3:auto_generated" File: c:/intelfpga_lite/21.1/quartus/libraries/megafunctions/altsyncram.tdf Line: 792
Info (12021): Found 1 design units, including 1 entities, in source file db/altsyncram_gmt2.tdf
    Info (12023): Found entity 1: altsyncram_gmt2 File: C:/Users/Adar/Documents/VHDL Lab/Lab5/Quartus/RV32IM_pipeline/db/altsyncram_gmt2.tdf Line: 28
Info (12128): Elaborating entity "altsyncram_gmt2" for hierarchy "Ifetch:IFE|altsyncram:inst_memory|altsyncram_ccv3:auto_generated|altsyncram_gmt2:altsyncram1" File: C:/Users/Adar/Documents/VHDL Lab/Lab5/Quartus/RV32IM_pipeline/db/altsyncram_ccv3.tdf Line: 35
Critical Warning (127005): Memory depth (2048) in the design file differs from memory depth (29) in the Memory Initialization File "C:/TestPrograms/Quartus21_1/app_bin/ITCM.hex" -- setting initial value for remaining addresses to 0 File: C:/Users/Adar/Documents/VHDL Lab/Lab5/DUT/RV32IM_pipeline/IFETCH.vhd Line: 65
Info (12128): Elaborating entity "sld_mod_ram_rom" for hierarchy "Ifetch:IFE|altsyncram:inst_memory|altsyncram_ccv3:auto_generated|sld_mod_ram_rom:mgl_prim2" File: C:/Users/Adar/Documents/VHDL Lab/Lab5/Quartus/RV32IM_pipeline/db/altsyncram_ccv3.tdf Line: 36
Info (12130): Elaborated megafunction instantiation "Ifetch:IFE|altsyncram:inst_memory|altsyncram_ccv3:auto_generated|sld_mod_ram_rom:mgl_prim2" File: C:/Users/Adar/Documents/VHDL Lab/Lab5/Quartus/RV32IM_pipeline/db/altsyncram_ccv3.tdf Line: 36
Info (12133): Instantiated megafunction "Ifetch:IFE|altsyncram:inst_memory|altsyncram_ccv3:auto_generated|sld_mod_ram_rom:mgl_prim2" with the following parameter: File: C:/Users/Adar/Documents/VHDL Lab/Lab5/Quartus/RV32IM_pipeline/db/altsyncram_ccv3.tdf Line: 36
    Info (12134): Parameter "CVALUE" = "00000000000000000000000000000000"
    Info (12134): Parameter "IS_DATA_IN_RAM" = "1"
    Info (12134): Parameter "IS_READABLE" = "1"
    Info (12134): Parameter "NODE_NAME" = "1230259021"
    Info (12134): Parameter "NUMWORDS" = "2048"
    Info (12134): Parameter "SHIFT_COUNT_BITS" = "6"
    Info (12134): Parameter "WIDTH_WORD" = "32"
    Info (12134): Parameter "WIDTHAD" = "11"
Info (12128): Elaborating entity "sld_jtag_endpoint_adapter" for hierarchy "Ifetch:IFE|altsyncram:inst_memory|altsyncram_ccv3:auto_generated|sld_mod_ram_rom:mgl_prim2|sld_jtag_endpoint_adapter:jtag_signal_adapter" File: c:/intelfpga_lite/21.1/quartus/libraries/megafunctions/sld_mod_ram_rom.vhd Line: 302
Info (12128): Elaborating entity "sld_jtag_endpoint_adapter_impl" for hierarchy "Ifetch:IFE|altsyncram:inst_memory|altsyncram_ccv3:auto_generated|sld_mod_ram_rom:mgl_prim2|sld_jtag_endpoint_adapter:jtag_signal_adapter|sld_jtag_endpoint_adapter_impl:sld_jtag_endpoint_adapter_impl_inst" File: c:/intelfpga_lite/21.1/quartus/libraries/megafunctions/sld_jtag_endpoint_adapter.vhd Line: 232
Info (12128): Elaborating entity "sld_rom_sr" for hierarchy "Ifetch:IFE|altsyncram:inst_memory|altsyncram_ccv3:auto_generated|sld_mod_ram_rom:mgl_prim2|sld_rom_sr:\ram_rom_logic_gen:name_gen:info_rom_sr" File: c:/intelfpga_lite/21.1/quartus/libraries/megafunctions/sld_mod_ram_rom.vhd Line: 828
Info (12128): Elaborating entity "control" for hierarchy "control:CTL" File: C:/Users/Adar/Documents/VHDL Lab/Lab5/DUT/RV32IM_pipeline/RV32IM_PIPE_CORE.vhd Line: 235
Warning (10036): Verilog HDL or VHDL warning at CONTROL.vhd(42): object "SBtype_w" assigned a value but never read File: C:/Users/Adar/Documents/VHDL Lab/Lab5/DUT/RV32IM_pipeline/CONTROL.vhd Line: 42
Warning (10036): Verilog HDL or VHDL warning at CONTROL.vhd(45): object "andi_w" assigned a value but never read File: C:/Users/Adar/Documents/VHDL Lab/Lab5/DUT/RV32IM_pipeline/CONTROL.vhd Line: 45
Info (12128): Elaborating entity "Idecode" for hierarchy "Idecode:ID" File: C:/Users/Adar/Documents/VHDL Lab/Lab5/DUT/RV32IM_pipeline/RV32IM_PIPE_CORE.vhd Line: 256
Info (12128): Elaborating entity "Execute" for hierarchy "Execute:EXE" File: C:/Users/Adar/Documents/VHDL Lab/Lab5/DUT/RV32IM_pipeline/RV32IM_PIPE_CORE.vhd Line: 316
Info (12128): Elaborating entity "MUL16" for hierarchy "Execute:EXE|MUL16:MUL" File: C:/Users/Adar/Documents/VHDL Lab/Lab5/DUT/RV32IM_pipeline/EXECUTE.vhd Line: 185
Info (12128): Elaborating entity "dmemory" for hierarchy "dmemory:MEM" File: C:/Users/Adar/Documents/VHDL Lab/Lab5/DUT/RV32IM_pipeline/RV32IM_PIPE_CORE.vhd Line: 373
Info (12128): Elaborating entity "altsyncram" for hierarchy "dmemory:MEM|altsyncram:data_memory" File: C:/Users/Adar/Documents/VHDL Lab/Lab5/DUT/RV32IM_pipeline/DMEMORY.vhd Line: 86
Info (12130): Elaborated megafunction instantiation "dmemory:MEM|altsyncram:data_memory" File: C:/Users/Adar/Documents/VHDL Lab/Lab5/DUT/RV32IM_pipeline/DMEMORY.vhd Line: 86
Info (12133): Instantiated megafunction "dmemory:MEM|altsyncram:data_memory" with the following parameter: File: C:/Users/Adar/Documents/VHDL Lab/Lab5/DUT/RV32IM_pipeline/DMEMORY.vhd Line: 86
    Info (12134): Parameter "address_aclr_a" = "UNUSED"
    Info (12134): Parameter "address_aclr_b" = "NONE"
    Info (12134): Parameter "address_reg_b" = "CLOCK1"
    Info (12134): Parameter "byte_size" = "8"
    Info (12134): Parameter "byteena_aclr_a" = "UNUSED"
    Info (12134): Parameter "byteena_aclr_b" = "NONE"
    Info (12134): Parameter "byteena_reg_b" = "CLOCK1"
    Info (12134): Parameter "clock_enable_core_a" = "USE_INPUT_CLKEN"
    Info (12134): Parameter "clock_enable_core_b" = "USE_INPUT_CLKEN"
    Info (12134): Parameter "clock_enable_input_a" = "NORMAL"
    Info (12134): Parameter "clock_enable_input_b" = "NORMAL"
    Info (12134): Parameter "clock_enable_output_a" = "NORMAL"
    Info (12134): Parameter "clock_enable_output_b" = "NORMAL"
    Info (12134): Parameter "intended_device_family" = "Cyclone"
    Info (12134): Parameter "ecc_pipeline_stage_enabled" = "FALSE"
    Info (12134): Parameter "enable_ecc" = "FALSE"
    Info (12134): Parameter "implement_in_les" = "OFF"
    Info (12134): Parameter "indata_aclr_a" = "UNUSED"
    Info (12134): Parameter "indata_aclr_b" = "NONE"
    Info (12134): Parameter "indata_reg_b" = "CLOCK1"
    Info (12134): Parameter "init_file" = "C:\TestPrograms\Quartus21_1\app_bin\DTCM.hex"
    Info (12134): Parameter "init_file_layout" = "PORT_A"
    Info (12134): Parameter "maximum_depth" = "0"
    Info (12134): Parameter "numwords_a" = "2048"
    Info (12134): Parameter "numwords_b" = "0"
    Info (12134): Parameter "operation_mode" = "SINGLE_PORT"
    Info (12134): Parameter "outdata_aclr_a" = "NONE"
    Info (12134): Parameter "outdata_aclr_b" = "NONE"
    Info (12134): Parameter "outdata_reg_a" = "UNREGISTERED"
    Info (12134): Parameter "outdata_reg_b" = "UNREGISTERED"
    Info (12134): Parameter "power_up_uninitialized" = "FALSE"
    Info (12134): Parameter "ram_block_type" = "AUTO"
    Info (12134): Parameter "rdcontrol_aclr_b" = "NONE"
    Info (12134): Parameter "rdcontrol_reg_b" = "CLOCK1"
    Info (12134): Parameter "read_during_write_mode_mixed_ports" = "DONT_CARE"
    Info (12134): Parameter "read_during_write_mode_port_a" = "NEW_DATA_NO_NBE_READ"
    Info (12134): Parameter "read_during_write_mode_port_b" = "NEW_DATA_NO_NBE_READ"
    Info (12134): Parameter "stratixiv_m144k_allow_dual_clocks" = "ON"
    Info (12134): Parameter "width_a" = "32"
    Info (12134): Parameter "width_b" = "1"
    Info (12134): Parameter "width_byteena_a" = "1"
    Info (12134): Parameter "width_byteena_b" = "1"
    Info (12134): Parameter "width_eccstatus" = "3"
    Info (12134): Parameter "widthad_a" = "11"
    Info (12134): Parameter "widthad_b" = "1"
    Info (12134): Parameter "wrcontrol_aclr_a" = "UNUSED"
    Info (12134): Parameter "wrcontrol_aclr_b" = "NONE"
    Info (12134): Parameter "wrcontrol_wraddress_reg_b" = "CLOCK1"
    Info (12134): Parameter "lpm_hint" = "ENABLE_RUNTIME_MOD = YES,INSTANCE_NAME = DTCM"
    Info (12134): Parameter "lpm_type" = "altsyncram"
Info (12021): Found 1 design units, including 1 entities, in source file db/altsyncram_gf14.tdf
    Info (12023): Found entity 1: altsyncram_gf14 File: C:/Users/Adar/Documents/VHDL Lab/Lab5/Quartus/RV32IM_pipeline/db/altsyncram_gf14.tdf Line: 28
Info (12128): Elaborating entity "altsyncram_gf14" for hierarchy "dmemory:MEM|altsyncram:data_memory|altsyncram_gf14:auto_generated" File: c:/intelfpga_lite/21.1/quartus/libraries/megafunctions/altsyncram.tdf Line: 792
Info (12021): Found 1 design units, including 1 entities, in source file db/altsyncram_1vu2.tdf
    Info (12023): Found entity 1: altsyncram_1vu2 File: C:/Users/Adar/Documents/VHDL Lab/Lab5/Quartus/RV32IM_pipeline/db/altsyncram_1vu2.tdf Line: 28
Info (12128): Elaborating entity "altsyncram_1vu2" for hierarchy "dmemory:MEM|altsyncram:data_memory|altsyncram_gf14:auto_generated|altsyncram_1vu2:altsyncram1" File: C:/Users/Adar/Documents/VHDL Lab/Lab5/Quartus/RV32IM_pipeline/db/altsyncram_gf14.tdf Line: 37
Critical Warning (127005): Memory depth (2048) in the design file differs from memory depth (1024) in the Memory Initialization File "C:/TestPrograms/Quartus21_1/app_bin/DTCM.hex" -- setting initial value for remaining addresses to 0 File: C:/Users/Adar/Documents/VHDL Lab/Lab5/DUT/RV32IM_pipeline/DMEMORY.vhd Line: 86
Info (12128): Elaborating entity "sld_mod_ram_rom" for hierarchy "dmemory:MEM|altsyncram:data_memory|altsyncram_gf14:auto_generated|sld_mod_ram_rom:mgl_prim2" File: C:/Users/Adar/Documents/VHDL Lab/Lab5/Quartus/RV32IM_pipeline/db/altsyncram_gf14.tdf Line: 38
Info (12130): Elaborated megafunction instantiation "dmemory:MEM|altsyncram:data_memory|altsyncram_gf14:auto_generated|sld_mod_ram_rom:mgl_prim2" File: C:/Users/Adar/Documents/VHDL Lab/Lab5/Quartus/RV32IM_pipeline/db/altsyncram_gf14.tdf Line: 38
Info (12133): Instantiated megafunction "dmemory:MEM|altsyncram:data_memory|altsyncram_gf14:auto_generated|sld_mod_ram_rom:mgl_prim2" with the following parameter: File: C:/Users/Adar/Documents/VHDL Lab/Lab5/Quartus/RV32IM_pipeline/db/altsyncram_gf14.tdf Line: 38
    Info (12134): Parameter "CVALUE" = "00000000000000000000000000000000"
    Info (12134): Parameter "IS_DATA_IN_RAM" = "1"
    Info (12134): Parameter "IS_READABLE" = "1"
    Info (12134): Parameter "NODE_NAME" = "1146372941"
    Info (12134): Parameter "NUMWORDS" = "2048"
    Info (12134): Parameter "SHIFT_COUNT_BITS" = "6"
    Info (12134): Parameter "WIDTH_WORD" = "32"
    Info (12134): Parameter "WIDTHAD" = "11"
Info (12128): Elaborating entity "HAZARD_UNIT" for hierarchy "HAZARD_UNIT:HZD" File: C:/Users/Adar/Documents/VHDL Lab/Lab5/DUT/RV32IM_pipeline/RV32IM_PIPE_CORE.vhd Line: 408
Info (12128): Elaborating entity "FORWARD_UNIT" for hierarchy "FORWARD_UNIT:FWD" File: C:/Users/Adar/Documents/VHDL Lab/Lab5/DUT/RV32IM_pipeline/RV32IM_PIPE_CORE.vhd Line: 422
Info (12021): Found 1 design units, including 1 entities, in source file db/sld_ela_trigger_9fp.tdf
    Info (12023): Found entity 1: sld_ela_trigger_9fp File: C:/Users/Adar/Documents/VHDL Lab/Lab5/Quartus/RV32IM_pipeline/db/sld_ela_trigger_9fp.tdf Line: 26
Info (12021): Found 1 design units, including 1 entities, in source file db/sld_reserved_rv32im_pipe_core_auto_signaltap_0_1_2111.v
    Info (12023): Found entity 1: sld_reserved_RV32IM_PIPE_CORE_auto_signaltap_0_1_2111 File: C:/Users/Adar/Documents/VHDL Lab/Lab5/Quartus/RV32IM_pipeline/db/sld_reserved_rv32im_pipe_core_auto_signaltap_0_1_2111.v Line: 29
Info (12021): Found 1 design units, including 1 entities, in source file db/cmpr_5bl.tdf
    Info (12023): Found entity 1: cmpr_5bl File: C:/Users/Adar/Documents/VHDL Lab/Lab5/Quartus/RV32IM_pipeline/db/cmpr_5bl.tdf Line: 23
Info (12021): Found 1 design units, including 1 entities, in source file db/altsyncram_qb24.tdf
    Info (12023): Found entity 1: altsyncram_qb24 File: C:/Users/Adar/Documents/VHDL Lab/Lab5/Quartus/RV32IM_pipeline/db/altsyncram_qb24.tdf Line: 28
Info (12021): Found 1 design units, including 1 entities, in source file db/mux_tsc.tdf
    Info (12023): Found entity 1: mux_tsc File: C:/Users/Adar/Documents/VHDL Lab/Lab5/Quartus/RV32IM_pipeline/db/mux_tsc.tdf Line: 23
Info (12021): Found 1 design units, including 1 entities, in source file db/decode_dvf.tdf
    Info (12023): Found entity 1: decode_dvf File: C:/Users/Adar/Documents/VHDL Lab/Lab5/Quartus/RV32IM_pipeline/db/decode_dvf.tdf Line: 23
Info (12021): Found 1 design units, including 1 entities, in source file db/cntr_pgi.tdf
    Info (12023): Found entity 1: cntr_pgi File: C:/Users/Adar/Documents/VHDL Lab/Lab5/Quartus/RV32IM_pipeline/db/cntr_pgi.tdf Line: 28
Info (12021): Found 1 design units, including 1 entities, in source file db/cmpr_tgc.tdf
    Info (12023): Found entity 1: cmpr_tgc File: C:/Users/Adar/Documents/VHDL Lab/Lab5/Quartus/RV32IM_pipeline/db/cmpr_tgc.tdf Line: 23
Info (12021): Found 1 design units, including 1 entities, in source file db/cntr_m9j.tdf
    Info (12023): Found entity 1: cntr_m9j File: C:/Users/Adar/Documents/VHDL Lab/Lab5/Quartus/RV32IM_pipeline/db/cntr_m9j.tdf Line: 26
Info (12021): Found 1 design units, including 1 entities, in source file db/cntr_ggi.tdf
    Info (12023): Found entity 1: cntr_ggi File: C:/Users/Adar/Documents/VHDL Lab/Lab5/Quartus/RV32IM_pipeline/db/cntr_ggi.tdf Line: 28
Info (12021): Found 1 design units, including 1 entities, in source file db/cmpr_rgc.tdf
    Info (12023): Found entity 1: cmpr_rgc File: C:/Users/Adar/Documents/VHDL Lab/Lab5/Quartus/RV32IM_pipeline/db/cmpr_rgc.tdf Line: 23
Info (12021): Found 1 design units, including 1 entities, in source file db/cntr_23j.tdf
    Info (12023): Found entity 1: cntr_23j File: C:/Users/Adar/Documents/VHDL Lab/Lab5/Quartus/RV32IM_pipeline/db/cntr_23j.tdf Line: 28
Info (12021): Found 1 design units, including 1 entities, in source file db/cmpr_ngc.tdf
    Info (12023): Found entity 1: cmpr_ngc File: C:/Users/Adar/Documents/VHDL Lab/Lab5/Quartus/RV32IM_pipeline/db/cmpr_ngc.tdf Line: 23
Info (12033): Analysis and Synthesis generated Signal Tap or debug node instance "auto_signaltap_0"
Info (11170): Starting IP generation for the debug fabric: alt_sld_fab.
Info (11172): 2026.08.18.20:55:35 Progress: Loading sld4e7dda8d/alt_sld_fab_wrapper_hw.tcl
Info (11172): Alt_sld_fab.alt_sld_fab: SLD fabric agents which did not specify prefer_host were connected to JTAG
Info (11172): Alt_sld_fab: Generating alt_sld_fab "alt_sld_fab" for QUARTUS_SYNTH
Info (11172): Alt_sld_fab: "alt_sld_fab" instantiated alt_sld_fab "alt_sld_fab"
Info (11172): Presplit: "alt_sld_fab" instantiated altera_super_splitter "presplit"
Info (11172): Splitter: "alt_sld_fab" instantiated altera_sld_splitter "splitter"
Info (11172): Sldfabric: "alt_sld_fab" instantiated altera_sld_jtag_hub "sldfabric"
Info (11172): Ident: "alt_sld_fab" instantiated altera_connection_identification_hub "ident"
Info (11172): Alt_sld_fab: Done "alt_sld_fab" with 6 modules, 6 files
Info (11171): Finished IP generation for the debug fabric: alt_sld_fab.
Info (12021): Found 1 design units, including 1 entities, in source file db/ip/sld4e7dda8d/alt_sld_fab.v
    Info (12023): Found entity 1: alt_sld_fab File: C:/Users/Adar/Documents/VHDL Lab/Lab5/Quartus/RV32IM_pipeline/db/ip/sld4e7dda8d/alt_sld_fab.v Line: 9
Info (12021): Found 1 design units, including 1 entities, in source file db/ip/sld4e7dda8d/submodules/alt_sld_fab_alt_sld_fab.v
    Info (12023): Found entity 1: alt_sld_fab_alt_sld_fab File: C:/Users/Adar/Documents/VHDL Lab/Lab5/Quartus/RV32IM_pipeline/db/ip/sld4e7dda8d/submodules/alt_sld_fab_alt_sld_fab.v Line: 9
Info (12021): Found 1 design units, including 1 entities, in source file db/ip/sld4e7dda8d/submodules/alt_sld_fab_alt_sld_fab_ident.sv
    Info (12023): Found entity 1: alt_sld_fab_alt_sld_fab_ident File: C:/Users/Adar/Documents/VHDL Lab/Lab5/Quartus/RV32IM_pipeline/db/ip/sld4e7dda8d/submodules/alt_sld_fab_alt_sld_fab_ident.sv Line: 33
Info (12021): Found 1 design units, including 1 entities, in source file db/ip/sld4e7dda8d/submodules/alt_sld_fab_alt_sld_fab_presplit.sv
    Info (12023): Found entity 1: alt_sld_fab_alt_sld_fab_presplit File: C:/Users/Adar/Documents/VHDL Lab/Lab5/Quartus/RV32IM_pipeline/db/ip/sld4e7dda8d/submodules/alt_sld_fab_alt_sld_fab_presplit.sv Line: 3
Info (12021): Found 2 design units, including 1 entities, in source file db/ip/sld4e7dda8d/submodules/alt_sld_fab_alt_sld_fab_sldfabric.vhd
    Info (12022): Found design unit 1: alt_sld_fab_alt_sld_fab_sldfabric-rtl File: C:/Users/Adar/Documents/VHDL Lab/Lab5/Quartus/RV32IM_pipeline/db/ip/sld4e7dda8d/submodules/alt_sld_fab_alt_sld_fab_sldfabric.vhd Line: 182
    Info (12023): Found entity 1: alt_sld_fab_alt_sld_fab_sldfabric File: C:/Users/Adar/Documents/VHDL Lab/Lab5/Quartus/RV32IM_pipeline/db/ip/sld4e7dda8d/submodules/alt_sld_fab_alt_sld_fab_sldfabric.vhd Line: 11
Info (12021): Found 1 design units, including 1 entities, in source file db/ip/sld4e7dda8d/submodules/alt_sld_fab_alt_sld_fab_splitter.sv
    Info (12023): Found entity 1: alt_sld_fab_alt_sld_fab_splitter File: C:/Users/Adar/Documents/VHDL Lab/Lab5/Quartus/RV32IM_pipeline/db/ip/sld4e7dda8d/submodules/alt_sld_fab_alt_sld_fab_splitter.sv Line: 3
Info (278001): Inferred 4 megafunctions from design logic
    Info (278003): Inferred multiplier megafunction ("lpm_mult") from the following logic: "Execute:EXE|MUL16:MUL|Mult0" File: c:/intelfpga_lite/21.1/quartus/libraries/vhdl/synopsys/ieee/syn_arit.vhd Line: 658
    Info (278003): Inferred multiplier megafunction ("lpm_mult") from the following logic: "Execute:EXE|MUL16:MUL|Mult3" File: c:/intelfpga_lite/21.1/quartus/libraries/vhdl/synopsys/ieee/syn_arit.vhd Line: 658
    Info (278003): Inferred multiplier megafunction ("lpm_mult") from the following logic: "Execute:EXE|MUL16:MUL|Mult2" File: c:/intelfpga_lite/21.1/quartus/libraries/vhdl/synopsys/ieee/syn_arit.vhd Line: 658
    Info (278003): Inferred multiplier megafunction ("lpm_mult") from the following logic: "Execute:EXE|MUL16:MUL|Mult1" File: c:/intelfpga_lite/21.1/quartus/libraries/vhdl/synopsys/ieee/syn_arit.vhd Line: 658
Info (12130): Elaborated megafunction instantiation "Execute:EXE|MUL16:MUL|lpm_mult:Mult0" File: c:/intelfpga_lite/21.1/quartus/libraries/vhdl/synopsys/ieee/syn_arit.vhd Line: 658
Info (12133): Instantiated megafunction "Execute:EXE|MUL16:MUL|lpm_mult:Mult0" with the following parameter: File: c:/intelfpga_lite/21.1/quartus/libraries/vhdl/synopsys/ieee/syn_arit.vhd Line: 658
    Info (12134): Parameter "LPM_WIDTHA" = "8"
    Info (12134): Parameter "LPM_WIDTHB" = "8"
    Info (12134): Parameter "LPM_WIDTHP" = "16"
    Info (12134): Parameter "LPM_WIDTHR" = "16"
    Info (12134): Parameter "LPM_WIDTHS" = "1"
    Info (12134): Parameter "LPM_REPRESENTATION" = "UNSIGNED"
    Info (12134): Parameter "INPUT_A_IS_CONSTANT" = "NO"
    Info (12134): Parameter "INPUT_B_IS_CONSTANT" = "NO"
    Info (12134): Parameter "MAXIMIZE_SPEED" = "5"
Info (12021): Found 1 design units, including 1 entities, in source file db/mult_aat.tdf
    Info (12023): Found entity 1: mult_aat File: C:/Users/Adar/Documents/VHDL Lab/Lab5/Quartus/RV32IM_pipeline/db/mult_aat.tdf Line: 29
Info (13000): Registers with preset signals will power-up high File: C:/Users/Adar/Documents/VHDL Lab/Lab5/DUT/RV32IM_pipeline/IFETCH.vhd Line: 139
Info (13003): DEV_CLRn pin will set, and not reset, register with preset signal due to NOT Gate Push-Back
Info (286031): Timing-Driven Synthesis is running on partition "Top"
Info (13000): Registers with preset signals will power-up high File: c:/intelfpga_lite/21.1/quartus/libraries/megafunctions/sld_buffer_manager.vhd Line: 356
Info (13003): DEV_CLRn pin will set, and not reset, register with preset signal due to NOT Gate Push-Back
Info (286031): Timing-Driven Synthesis is running on partition "sld_signaltap:auto_signaltap_0"
Info (13000): Registers with preset signals will power-up high File: c:/intelfpga_lite/21.1/quartus/libraries/megafunctions/sld_jtag_hub.vhd Line: 386
Info (13003): DEV_CLRn pin will set, and not reset, register with preset signal due to NOT Gate Push-Back
Info (286031): Timing-Driven Synthesis is running on partition "sld_hub:auto_hub"
Info (35024): Successfully connected in-system debug instance "auto_signaltap_0" to all 205 required data inputs, trigger inputs, acquisition clocks, and dynamic pins
Info (16010): Generating hard_block partition "hard_block:auto_generated_inst"
    Info (16011): Adding 1 node(s), including 0 DDIO, 1 PLL, 0 transceiver and 0 LCELL
Info (21057): Implemented 6118 device resources after synthesis - the final resource count might be different
    Info (21058): Implemented 13 input pins
    Info (21059): Implemented 288 output pins
    Info (21061): Implemented 5661 logic cells
    Info (21064): Implemented 150 RAM segments
    Info (21065): Implemented 1 PLLs
    Info (21062): Implemented 4 DSP elements
Info: Quartus Prime Analysis & Synthesis was successful. 0 errors, 5 warnings
    Info: Peak virtual memory: 4959 megabytes
    Info: Processing ended: Tue Aug 18 20:56:03 2026
    Info: Elapsed time: 00:00:45
    Info: Total CPU time (on all processors): 00:01:08


